Flight_ID,Airline,Origin,Destination,Scheduled_Departure,Actual_Departure,Distance,Delayed
F0001,AirIndia,BLR,HYD,2023-05-29 04:10:00,2023-05-29 04:20:00,428,0
F0002,Vistara,BOM,BLR,2023-05-05 18:15:00,2023-05-05 18:25:00,631,0
F0003,AirIndia,HYD,BLR,2023-05-21 06:37:00,2023-05-21 06:42:00,1521,0
F0004,SpiceJet,CCU,HYD,2023-05-04 08:02:00,2023-05-04 08:07:00,677,0
F0005,Vistara,DEL,BLR,2023-05-01 22:57:00,2023-05-01 23:27:00,1582,1
F0006,Indigo,BOM,MAA,2023-05-25 21:02:00,2023-05-25 22:02:00,1269,1
F0007,SpiceJet,BOM,CCU,2023-05-15 21:22:00,2023-05-15 21:37:00,850,0
F0008,Indigo,CCU,DEL,2023-05-13 23:34:00,2023-05-14 00:34:00,1050,1
F0009,AirIndia,DEL,BLR,2023-05-18 05:24:00,2023-05-18 05:29:00,1639,0
F0010,Vistara,HYD,CCU,2023-05-29 04:26:00,2023-05-29 04:36:00,1978,0
F0011,SpiceJet,HYD,BOM,2023-05-28 08:54:00,2023-05-28 08:54:00,1513,0
F0012,Indigo,BLR,BOM,2023-05-21 14:31:00,2023-05-21 14:41:00,896,0
F0013,SpiceJet,BOM,DEL,2023-05-10 11:43:00,2023-05-10 11:53:00,496,0
F0014,Vistara,HYD,BLR,2023-05-17 15:41:00,2023-05-17 15:41:00,1308,0
F0015,Vistara,DEL,CCU,2023-05-28 16:05:00,2023-05-28 16:35:00,1821,1
F0016,SpiceJet,MAA,CCU,2023-05-24 06:56:00,2023-05-24 06:56:00,534,0
F0017,SpiceJet,BOM,MAA,2023-05-30 03:12:00,2023-05-30 04:12:00,1769,1
F0018,AirIndia,BLR,HYD,2023-05-25 05:49:00,2023-05-25 05:59:00,684,0
F0019,Indigo,CCU,MAA,2023-05-19 10:43:00,2023-05-19 10:43:00,1198,0
F0020,Indigo,BLR,BOM,2023-05-06 10:23:00,2023-05-06 10:23:00,1304,0
F0021,Indigo,HYD,CCU,2023-05-26 17:40:00,2023-05-26 17:40:00,976,0
F0022,Vistara,MAA,BLR,2023-05-11 23:09:00,2023-05-11 23:09:00,1092,0
F0023,AirIndia,BOM,CCU,2023-05-28 06:39:00,2023-05-28 06:39:00,845,0
F0024,Vistara,DEL,HYD,2023-05-21 10:08:00,2023-05-21 10:53:00,1695,1
F0025,Indigo,DEL,CCU,2023-05-29 19:53:00,2023-05-29 20:23:00,839,1
F0026,AirIndia,BLR,HYD,2023-05-03 11:56:00,2023-05-03 12:56:00,831,1
F0027,AirIndia,DEL,HYD,2023-05-22 16:15:00,2023-05-22 16:20:00,1981,0
F0028,Indigo,BOM,DEL,2023-05-04 14:53:00,2023-05-04 14:53:00,1373,0
F0029,SpiceJet,DEL,HYD,2023-05-24 00:51:00,2023-05-24 00:51:00,1801,0
F0030,AirIndia,MAA,BLR,2023-05-08 02:52:00,2023-05-08 02:52:00,1288,0
F0031,Vistara,MAA,CCU,2023-05-14 21:02:00,2023-05-14 21:17:00,1814,0
F0032,Indigo,BOM,CCU,2023-05-27 19:04:00,2023-05-27 19:19:00,581,0
F0033,Indigo,HYD,DEL,2023-05-09 21:45:00,2023-05-09 21:45:00,770,0
F0034,SpiceJet,CCU,HYD,2023-05-17 11:59:00,2023-05-17 11:59:00,1922,0
F0035,SpiceJet,HYD,MAA,2023-05-05 18:27:00,2023-05-05 18:42:00,1354,0
F0036,Vistara,HYD,DEL,2023-05-04 06:14:00,2023-05-04 06:24:00,1276,0
F0037,Indigo,DEL,MAA,2023-05-16 12:56:00,2023-05-16 13:06:00,739,0
F0038,SpiceJet,BOM,MAA,2023-05-27 04:55:00,2023-05-27 05:05:00,1650,0
F0039,SpiceJet,HYD,MAA,2023-05-22 09:29:00,2023-05-22 09:29:00,1490,0
F0040,AirIndia,CCU,BOM,2023-05-01 14:52:00,2023-05-01 14:52:00,1901,0
F0041,SpiceJet,CCU,BOM,2023-05-14 04:00:00,2023-05-14 05:00:00,1053,1
F0042,Indigo,HYD,CCU,2023-05-20 13:55:00,2023-05-20 14:40:00,821,1
F0043,Vistara,HYD,BLR,2023-05-09 23:15:00,2023-05-09 23:25:00,1412,0
F0044,SpiceJet,CCU,HYD,2023-05-26 03:31:00,2023-05-26 03:31:00,1132,0
F0045,SpiceJet,CCU,BLR,2023-05-07 10:14:00,2023-05-07 11:14:00,1838,1
F0046,Indigo,CCU,HYD,2023-05-14 01:12:00,2023-05-14 01:17:00,1219,0
F0047,SpiceJet,HYD,CCU,2023-05-15 20:01:00,2023-05-15 20:16:00,1244,0
F0048,Vistara,BOM,BLR,2023-05-16 12:35:00,2023-05-16 13:20:00,1000,1
F0049,Vistara,HYD,DEL,2023-05-24 02:51:00,2023-05-24 02:51:00,796,0
F0050,AirIndia,DEL,BOM,2023-05-17 23:22:00,2023-05-18 00:22:00,1744,1
F0051,AirIndia,BOM,DEL,2023-05-02 02:20:00,2023-05-02 03:05:00,1653,1
F0052,AirIndia,CCU,BLR,2023-05-18 11:10:00,2023-05-18 11:10:00,805,0
F0053,AirIndia,HYD,CCU,2023-05-04 00:38:00,2023-05-04 01:38:00,997,1
F0054,AirIndia,BOM,BLR,2023-05-28 02:12:00,2023-05-28 02:27:00,1957,0
F0055,AirIndia,BOM,HYD,2023-05-12 05:09:00,2023-05-12 06:09:00,543,1
F0056,Vistara,DEL,MAA,2023-05-06 01:05:00,2023-05-06 01:50:00,1328,1
F0057,SpiceJet,BLR,MAA,2023-05-23 14:17:00,2023-05-23 14:17:00,1135,0
F0058,Indigo,CCU,MAA,2023-05-13 12:24:00,2023-05-13 12:54:00,1565,1
F0059,SpiceJet,BLR,CCU,2023-05-18 20:23:00,2023-05-18 20:33:00,712,0
F0060,SpiceJet,MAA,CCU,2023-05-29 03:10:00,2023-05-29 03:15:00,497,0
F0061,Vistara,BLR,MAA,2023-05-01 06:19:00,2023-05-01 07:19:00,1328,1
F0062,Indigo,DEL,CCU,2023-05-26 18:51:00,2023-05-26 18:56:00,565,0
F0063,SpiceJet,BOM,CCU,2023-05-12 19:27:00,2023-05-12 19:37:00,1727,0
F0064,Indigo,BOM,MAA,2023-05-19 20:54:00,2023-05-19 21:24:00,522,1
F0065,Vistara,MAA,BLR,2023-05-14 08:14:00,2023-05-14 08:14:00,974,0
F0066,AirIndia,HYD,CCU,2023-05-15 03:11:00,2023-05-15 04:11:00,545,1
F0067,SpiceJet,BLR,MAA,2023-05-22 08:18:00,2023-05-22 08:28:00,524,0
F0068,Vistara,MAA,HYD,2023-05-17 21:47:00,2023-05-17 22:02:00,990,0
F0069,Indigo,DEL,HYD,2023-05-18 00:48:00,2023-05-18 01:48:00,1290,1
F0070,AirIndia,DEL,BOM,2023-05-05 05:36:00,2023-05-05 06:21:00,1418,1
F0071,Indigo,DEL,BOM,2023-05-28 11:33:00,2023-05-28 12:33:00,674,1
F0072,Indigo,DEL,BLR,2023-05-24 10:33:00,2023-05-24 10:48:00,609,0
F0073,AirIndia,CCU,MAA,2023-05-24 10:32:00,2023-05-24 10:32:00,1795,0
F0074,SpiceJet,MAA,HYD,2023-05-06 12:44:00,2023-05-06 13:44:00,619,1
F0075,Vistara,BLR,CCU,2023-05-15 15:54:00,2023-05-15 15:54:00,1204,0
F0076,AirIndia,DEL,HYD,2023-05-09 23:02:00,2023-05-09 23:02:00,1842,0
F0077,Vistara,CCU,BLR,2023-05-02 22:26:00,2023-05-02 23:11:00,1772,1
F0078,SpiceJet,BOM,BLR,2023-05-28 19:30:00,2023-05-28 19:30:00,1428,0
F0079,SpiceJet,DEL,BOM,2023-05-25 17:39:00,2023-05-25 18:24:00,927,1
F0080,Vistara,CCU,MAA,2023-05-06 00:53:00,2023-05-06 01:03:00,1574,0
F0081,Indigo,DEL,BOM,2023-05-17 09:48:00,2023-05-17 09:58:00,1829,0
F0082,AirIndia,CCU,BLR,2023-05-09 03:30:00,2023-05-09 03:30:00,1312,0
F0083,Vistara,BLR,DEL,2023-05-21 21:40:00,2023-05-21 21:50:00,1849,0
F0084,SpiceJet,HYD,BOM,2023-05-13 19:45:00,2023-05-13 20:15:00,1925,1
F0085,Indigo,DEL,BLR,2023-05-13 14:01:00,2023-05-13 14:46:00,1348,1
F0086,SpiceJet,MAA,BOM,2023-05-01 22:14:00,2023-05-01 22:14:00,512,0
F0087,Indigo,MAA,BLR,2023-05-25 20:38:00,2023-05-25 21:08:00,1167,1
F0088,AirIndia,BOM,CCU,2023-05-21 21:07:00,2023-05-21 21:37:00,1307,1
F0089,Vistara,HYD,BLR,2023-05-27 07:20:00,2023-05-27 07:20:00,1653,0
F0090,AirIndia,HYD,BOM,2023-05-01 05:25:00,2023-05-01 06:25:00,1672,1
F0091,SpiceJet,BLR,BOM,2023-05-01 23:57:00,2023-05-01 23:57:00,1269,0
F0092,Indigo,BLR,DEL,2023-05-24 21:12:00,2023-05-24 22:12:00,1655,1
F0093,SpiceJet,DEL,CCU,2023-05-26 16:11:00,2023-05-26 16:41:00,1359,1
F0094,SpiceJet,HYD,BLR,2023-05-29 08:11:00,2023-05-29 09:11:00,692,1
F0095,AirIndia,CCU,DEL,2023-05-25 23:10:00,2023-05-26 00:10:00,1232,1
F0096,SpiceJet,HYD,BOM,2023-05-02 19:02:00,2023-05-02 19:17:00,1641,0
F0097,SpiceJet,MAA,HYD,2023-05-22 05:28:00,2023-05-22 05:38:00,1686,0
F0098,AirIndia,BLR,BOM,2023-05-25 21:43:00,2023-05-25 21:43:00,729,0
F0099,Indigo,MAA,DEL,2023-05-22 22:55:00,2023-05-22 23:55:00,1830,1
F0100,Vistara,BLR,BOM,2023-05-08 06:53:00,2023-05-08 07:08:00,1815,0
F0101,SpiceJet,BLR,DEL,2023-05-29 10:09:00,2023-05-29 10:09:00,517,0
F0102,SpiceJet,BOM,CCU,2023-05-16 15:41:00,2023-05-16 16:26:00,537,1
F0103,Indigo,BLR,BOM,2023-05-30 03:55:00,2023-05-30 04:55:00,1930,1
F0104,AirIndia,BOM,DEL,2023-05-08 03:21:00,2023-05-08 04:06:00,1659,1
F0105,Indigo,MAA,HYD,2023-05-13 20:47:00,2023-05-13 21:17:00,917,1
F0106,Indigo,BOM,DEL,2023-05-01 06:27:00,2023-05-01 06:37:00,662,0
F0107,SpiceJet,MAA,CCU,2023-05-16 02:34:00,2023-05-16 03:34:00,1741,1
F0108,SpiceJet,BOM,DEL,2023-05-18 23:38:00,2023-05-18 23:38:00,1521,0
F0109,Indigo,MAA,CCU,2023-05-22 16:34:00,2023-05-22 17:19:00,893,1
F0110,SpiceJet,BLR,CCU,2023-05-15 17:12:00,2023-05-15 18:12:00,1669,1
F0111,Indigo,DEL,BOM,2023-05-20 12:18:00,2023-05-20 12:18:00,912,0
F0112,Vistara,DEL,HYD,2023-05-25 13:42:00,2023-05-25 14:27:00,1546,1
F0113,SpiceJet,HYD,BLR,2023-05-13 00:49:00,2023-05-13 00:54:00,1205,0
F0114,Indigo,HYD,BLR,2023-05-22 11:18:00,2023-05-22 11:33:00,669,0
F0115,Indigo,CCU,MAA,2023-05-07 21:14:00,2023-05-07 21:24:00,1568,0
F0116,SpiceJet,DEL,MAA,2023-05-29 09:02:00,2023-05-29 09:02:00,1256,0
F0117,SpiceJet,HYD,BLR,2023-05-21 13:16:00,2023-05-21 13:26:00,1831,0
F0118,AirIndia,DEL,CCU,2023-05-13 02:37:00,2023-05-13 02:37:00,1626,0
F0119,Vistara,BLR,HYD,2023-05-12 11:32:00,2023-05-12 11:37:00,688,0
F0120,AirIndia,CCU,DEL,2023-05-23 00:07:00,2023-05-23 00:07:00,989,0
F0121,Indigo,BOM,HYD,2023-05-26 12:28:00,2023-05-26 13:28:00,1470,1
F0122,SpiceJet,HYD,BOM,2023-05-08 03:59:00,2023-05-08 04:09:00,1537,0
F0123,Indigo,BLR,DEL,2023-05-26 16:26:00,2023-05-26 16:31:00,1058,0
F0124,Vistara,DEL,BOM,2023-05-28 09:15:00,2023-05-28 09:15:00,1608,0
F0125,Indigo,CCU,DEL,2023-05-03 16:30:00,2023-05-03 16:40:00,1960,0
F0126,Vistara,HYD,BLR,2023-05-18 08:06:00,2023-05-18 08:36:00,962,1
F0127,Vistara,HYD,BOM,2023-05-25 23:30:00,2023-05-25 23:45:00,1818,0
F0128,Vistara,MAA,BOM,2023-05-08 17:18:00,2023-05-08 17:23:00,1576,0
F0129,Vistara,BLR,HYD,2023-05-29 14:13:00,2023-05-29 14:18:00,1792,0
F0130,Vistara,BOM,HYD,2023-05-30 09:54:00,2023-05-30 09:54:00,401,0
F0131,SpiceJet,BLR,DEL,2023-05-03 18:43:00,2023-05-03 19:28:00,1882,1
F0132,AirIndia,BLR,BOM,2023-05-05 20:23:00,2023-05-05 21:08:00,1956,1
F0133,SpiceJet,BLR,HYD,2023-05-07 22:29:00,2023-05-07 22:34:00,760,0
F0134,Indigo,CCU,HYD,2023-05-13 21:29:00,2023-05-13 21:29:00,1067,0
F0135,AirIndia,CCU,BLR,2023-05-26 04:52:00,2023-05-26 05:52:00,590,1
F0136,AirIndia,CCU,DEL,2023-05-10 10:24:00,2023-05-10 10:34:00,1087,0
F0137,Vistara,DEL,MAA,2023-05-23 11:57:00,2023-05-23 12:27:00,1503,1
F0138,Vistara,CCU,DEL,2023-05-18 17:07:00,2023-05-18 17:07:00,1959,0
F0139,Indigo,DEL,MAA,2023-05-30 14:28:00,2023-05-30 14:28:00,705,0
F0140,AirIndia,MAA,BLR,2023-05-03 05:58:00,2023-05-03 06:08:00,1746,0
F0141,Vistara,DEL,CCU,2023-05-27 06:36:00,2023-05-27 06:36:00,831,0
F0142,Indigo,MAA,BLR,2023-05-29 17:25:00,2023-05-29 18:10:00,792,1
F0143,AirIndia,BOM,MAA,2023-05-02 09:32:00,2023-05-02 09:32:00,1101,0
F0144,Indigo,BLR,CCU,2023-05-30 05:03:00,2023-05-30 05:48:00,582,1
F0145,SpiceJet,CCU,HYD,2023-05-01 09:45:00,2023-05-01 09:45:00,1734,0
F0146,Vistara,MAA,CCU,2023-05-08 16:01:00,2023-05-08 16:11:00,1457,0
F0147,Indigo,BOM,DEL,2023-05-30 23:39:00,2023-05-30 23:49:00,923,0
F0148,AirIndia,CCU,BLR,2023-05-05 08:57:00,2023-05-05 09:02:00,1257,0
F0149,AirIndia,HYD,CCU,2023-05-13 23:16:00,2023-05-14 00:16:00,1573,1
F0150,Vistara,BLR,CCU,2023-05-13 11:04:00,2023-05-13 11:34:00,1502,1
F0151,SpiceJet,BLR,BOM,2023-05-02 21:53:00,2023-05-02 21:53:00,558,0
F0152,Indigo,MAA,DEL,2023-05-18 12:57:00,2023-05-18 12:57:00,853,0
F0153,Vistara,HYD,BOM,2023-05-13 00:56:00,2023-05-13 01:06:00,1540,0
F0154,AirIndia,HYD,CCU,2023-05-30 07:50:00,2023-05-30 08:00:00,646,0
F0155,Indigo,BOM,MAA,2023-05-07 18:42:00,2023-05-07 19:42:00,1361,1
F0156,AirIndia,BLR,HYD,2023-05-14 21:09:00,2023-05-14 21:19:00,1321,0
F0157,Indigo,CCU,HYD,2023-05-29 02:10:00,2023-05-29 02:40:00,1888,1
F0158,Vistara,MAA,BOM,2023-05-24 21:38:00,2023-05-24 21:53:00,1006,0
F0159,AirIndia,BLR,HYD,2023-05-25 11:07:00,2023-05-25 11:07:00,961,0
F0160,Vistara,BOM,MAA,2023-05-06 03:23:00,2023-05-06 03:23:00,509,0
F0161,SpiceJet,BOM,CCU,2023-05-22 02:14:00,2023-05-22 02:19:00,1113,0
F0162,SpiceJet,DEL,MAA,2023-05-18 15:31:00,2023-05-18 15:31:00,1511,0
F0163,Vistara,DEL,HYD,2023-05-10 09:26:00,2023-05-10 09:26:00,694,0
F0164,Vistara,BLR,HYD,2023-05-23 00:32:00,2023-05-23 00:32:00,1416,0
F0165,SpiceJet,MAA,DEL,2023-05-12 00:14:00,2023-05-12 00:14:00,573,0
F0166,SpiceJet,HYD,CCU,2023-05-25 04:12:00,2023-05-25 04:22:00,1922,0
F0167,Indigo,CCU,HYD,2023-05-30 02:50:00,2023-05-30 03:50:00,1295,1
F0168,AirIndia,BLR,CCU,2023-05-19 23:29:00,2023-05-19 23:29:00,1560,0
F0169,AirIndia,DEL,MAA,2023-05-12 04:47:00,2023-05-12 04:57:00,664,0
F0170,Indigo,CCU,HYD,2023-05-09 07:28:00,2023-05-09 07:28:00,1725,0
F0171,AirIndia,DEL,BOM,2023-05-24 15:00:00,2023-05-24 15:00:00,1254,0
F0172,AirIndia,BOM,MAA,2023-05-11 07:36:00,2023-05-11 07:51:00,978,0
F0173,Indigo,MAA,BOM,2023-05-18 07:23:00,2023-05-18 07:23:00,840,0
F0174,Indigo,BLR,BOM,2023-05-29 15:52:00,2023-05-29 15:57:00,1442,0
F0175,Vistara,BLR,HYD,2023-05-13 05:39:00,2023-05-13 05:44:00,1393,0
F0176,Indigo,CCU,DEL,2023-05-01 04:59:00,2023-05-01 05:29:00,1206,1
F0177,Indigo,BOM,CCU,2023-05-23 10:14:00,2023-05-23 10:59:00,1595,1
F0178,SpiceJet,CCU,DEL,2023-05-08 18:34:00,2023-05-08 19:19:00,1131,1
F0179,AirIndia,DEL,HYD,2023-05-08 10:33:00,2023-05-08 11:03:00,885,1
F0180,Vistara,HYD,BLR,2023-05-29 09:08:00,2023-05-29 09:23:00,972,0
F0181,SpiceJet,CCU,HYD,2023-05-14 12:27:00,2023-05-14 13:12:00,1326,1
F0182,AirIndia,BLR,CCU,2023-05-15 09:38:00,2023-05-15 09:38:00,887,0
F0183,Vistara,MAA,BOM,2023-05-03 07:55:00,2023-05-03 08:05:00,1333,0
F0184,Vistara,DEL,MAA,2023-05-29 03:20:00,2023-05-29 04:20:00,906,1
F0185,AirIndia,MAA,BOM,2023-05-05 15:33:00,2023-05-05 16:03:00,804,1
F0186,Vistara,DEL,BOM,2023-05-04 02:40:00,2023-05-04 03:25:00,831,1
F0187,AirIndia,BOM,BLR,2023-05-15 12:08:00,2023-05-15 13:08:00,990,1
F0188,SpiceJet,DEL,CCU,2023-05-01 06:33:00,2023-05-01 06:33:00,769,0
F0189,Indigo,BLR,HYD,2023-05-13 09:22:00,2023-05-13 09:52:00,953,1
F0190,SpiceJet,DEL,MAA,2023-05-26 19:13:00,2023-05-26 20:13:00,1702,1
F0191,Vistara,BOM,CCU,2023-05-16 08:46:00,2023-05-16 08:56:00,1125,0
F0192,SpiceJet,MAA,DEL,2023-05-16 07:17:00,2023-05-16 07:47:00,1560,1
F0193,AirIndia,MAA,BLR,2023-05-13 23:31:00,2023-05-13 23:31:00,1712,0
F0194,Vistara,HYD,CCU,2023-05-17 07:36:00,2023-05-17 07:41:00,1602,0
F0195,SpiceJet,CCU,MAA,2023-05-26 15:54:00,2023-05-26 15:59:00,1433,0
F0196,Indigo,MAA,CCU,2023-05-06 20:22:00,2023-05-06 21:07:00,1151,1
F0197,Vistara,DEL,HYD,2023-05-16 21:47:00,2023-05-16 21:47:00,1535,0
F0198,SpiceJet,DEL,CCU,2023-05-19 20:26:00,2023-05-19 21:11:00,1371,1
F0199,Vistara,DEL,CCU,2023-05-21 01:22:00,2023-05-21 01:52:00,1820,1
F0200,Indigo,BLR,DEL,2023-05-25 14:41:00,2023-05-25 15:11:00,514,1
F0201,AirIndia,BOM,BLR,2023-05-07 12:39:00,2023-05-07 12:44:00,632,0
F0202,Vistara,BOM,DEL,2023-05-30 18:58:00,2023-05-30 19:13:00,1547,0
F0203,Vistara,CCU,MAA,2023-05-21 15:12:00,2023-05-21 15:17:00,1736,0
F0204,SpiceJet,DEL,CCU,2023-05-03 14:54:00,2023-05-03 15:54:00,1681,1
F0205,AirIndia,HYD,DEL,2023-05-27 09:50:00,2023-05-27 10:20:00,1898,1
F0206,AirIndia,BLR,MAA,2023-05-28 18:46:00,2023-05-28 18:46:00,590,0
F0207,Indigo,DEL,CCU,2023-05-22 06:30:00,2023-05-22 06:30:00,899,0
F0208,AirIndia,HYD,BOM,2023-05-12 22:30:00,2023-05-12 23:30:00,1524,1
F0209,Vistara,MAA,BOM,2023-05-07 13:22:00,2023-05-07 13:22:00,820,0
F0210,Indigo,DEL,HYD,2023-05-01 03:06:00,2023-05-01 03:06:00,471,0
F0211,SpiceJet,CCU,MAA,2023-05-18 19:02:00,2023-05-18 19:47:00,459,1
F0212,SpiceJet,MAA,HYD,2023-05-22 19:00:00,2023-05-22 20:00:00,1941,1
F0213,AirIndia,CCU,DEL,2023-05-13 18:33:00,2023-05-13 18:38:00,671,0
F0214,Vistara,CCU,BOM,2023-05-27 09:52:00,2023-05-27 10:52:00,1877,1
F0215,AirIndia,CCU,BOM,2023-05-13 11:04:00,2023-05-13 11:04:00,1606,0
F0216,AirIndia,MAA,HYD,2023-05-17 05:32:00,2023-05-17 05:42:00,1727,0
F0217,SpiceJet,MAA,BLR,2023-05-16 06:47:00,2023-05-16 07:32:00,1503,1
F0218,Indigo,BLR,DEL,2023-05-10 23:40:00,2023-05-11 00:10:00,433,1
F0219,Indigo,CCU,MAA,2023-05-28 02:02:00,2023-05-28 02:12:00,1236,0
F0220,Indigo,BLR,HYD,2023-05-21 09:18:00,2023-05-21 09:18:00,1740,0
F0221,Vistara,BLR,BOM,2023-05-06 21:29:00,2023-05-06 21:59:00,466,1
F0222,AirIndia,BOM,HYD,2023-05-10 09:05:00,2023-05-10 09:15:00,966,0
F0223,SpiceJet,HYD,DEL,2023-05-01 08:53:00,2023-05-01 08:53:00,1951,0
F0224,Vistara,DEL,CCU,2023-05-28 20:34:00,2023-05-28 20:44:00,1340,0
F0225,SpiceJet,BLR,CCU,2023-05-14 01:24:00,2023-05-14 01:24:00,720,0
F0226,AirIndia,BLR,CCU,2023-05-29 16:03:00,2023-05-29 16:18:00,1532,0
F0227,SpiceJet,BLR,DEL,2023-05-21 09:52:00,2023-05-21 09:52:00,1029,0
F0228,AirIndia,HYD,CCU,2023-05-19 07:19:00,2023-05-19 07:29:00,661,0
F0229,SpiceJet,DEL,HYD,2023-05-04 08:35:00,2023-05-04 08:35:00,1355,0
F0230,Indigo,CCU,DEL,2023-05-28 19:19:00,2023-05-28 19:19:00,633,0
F0231,Indigo,CCU,MAA,2023-05-21 18:47:00,2023-05-21 18:52:00,1113,0
F0232,SpiceJet,BOM,MAA,2023-05-10 14:51:00,2023-05-10 14:56:00,1137,0
F0233,Vistara,BOM,DEL,2023-05-30 19:16:00,2023-05-30 19:16:00,1384,0
F0234,AirIndia,CCU,BLR,2023-05-15 03:12:00,2023-05-15 03:57:00,1843,1
F0235,Indigo,MAA,DEL,2023-05-20 17:09:00,2023-05-20 17:09:00,420,0
F0236,Vistara,BLR,MAA,2023-05-16 02:09:00,2023-05-16 02:24:00,1134,0
F0237,Vistara,HYD,MAA,2023-05-08 19:31:00,2023-05-08 19:31:00,1575,0
F0238,Indigo,MAA,CCU,2023-05-04 20:38:00,2023-05-04 21:38:00,493,1
F0239,Vistara,MAA,HYD,2023-05-26 19:06:00,2023-05-26 19:11:00,485,0
F0240,SpiceJet,BOM,HYD,2023-05-02 22:01:00,2023-05-02 22:46:00,828,1
F0241,AirIndia,BLR,DEL,2023-05-29 12:12:00,2023-05-29 12:12:00,999,0
F0242,Indigo,BLR,HYD,2023-05-18 19:29:00,2023-05-18 19:29:00,1396,0
F0243,Vistara,CCU,BOM,2023-05-19 18:49:00,2023-05-19 18:49:00,460,0
F0244,Indigo,HYD,MAA,2023-05-12 17:40:00,2023-05-12 17:40:00,607,0
F0245,Vistara,BOM,MAA,2023-05-17 01:32:00,2023-05-17 01:32:00,1207,0
F0246,AirIndia,MAA,CCU,2023-05-01 02:12:00,2023-05-01 03:12:00,488,1
F0247,Indigo,CCU,MAA,2023-05-03 17:52:00,2023-05-03 17:52:00,1383,0
F0248,AirIndia,CCU,BLR,2023-05-09 11:44:00,2023-05-09 11:49:00,1932,0
F0249,Indigo,DEL,CCU,2023-05-15 23:12:00,2023-05-15 23:57:00,1130,1
F0250,SpiceJet,HYD,MAA,2023-05-04 05:45:00,2023-05-04 06:00:00,1338,0
F0251,AirIndia,CCU,HYD,2023-05-05 00:41:00,2023-05-05 01:11:00,1168,1
F0252,AirIndia,DEL,CCU,2023-05-01 21:43:00,2023-05-01 22:28:00,864,1
F0253,AirIndia,BOM,CCU,2023-05-28 00:37:00,2023-05-28 01:07:00,499,1
F0254,Indigo,CCU,MAA,2023-05-22 01:42:00,2023-05-22 01:42:00,555,0
F0255,Indigo,BOM,HYD,2023-05-04 03:38:00,2023-05-04 03:48:00,629,0
F0256,AirIndia,CCU,DEL,2023-05-12 12:57:00,2023-05-12 13:02:00,1804,0
F0257,SpiceJet,CCU,BOM,2023-05-19 10:14:00,2023-05-19 11:14:00,1106,1
F0258,AirIndia,DEL,CCU,2023-05-01 09:58:00,2023-05-01 10:58:00,1075,1
F0259,SpiceJet,DEL,MAA,2023-05-11 20:38:00,2023-05-11 20:48:00,1548,0
F0260,Vistara,BLR,CCU,2023-05-02 05:22:00,2023-05-02 05:32:00,1996,0
F0261,Indigo,MAA,HYD,2023-05-21 23:01:00,2023-05-21 23:46:00,941,1
F0262,Indigo,MAA,CCU,2023-05-14 05:24:00,2023-05-14 05:24:00,1626,0
F0263,Vistara,HYD,MAA,2023-05-16 02:04:00,2023-05-16 02:34:00,1177,1
F0264,SpiceJet,DEL,MAA,2023-05-19 12:56:00,2023-05-19 13:11:00,780,0
F0265,SpiceJet,HYD,DEL,2023-05-23 00:57:00,2023-05-23 01:12:00,995,0
F0266,SpiceJet,CCU,BOM,2023-05-03 13:38:00,2023-05-03 14:23:00,878,1
F0267,SpiceJet,BOM,CCU,2023-05-08 07:57:00,2023-05-08 07:57:00,1418,0
F0268,Vistara,CCU,MAA,2023-05-30 21:36:00,2023-05-30 21:36:00,1507,0
F0269,Vistara,HYD,DEL,2023-05-28 19:58:00,2023-05-28 20:43:00,854,1
F0270,Vistara,HYD,BOM,2023-05-06 03:57:00,2023-05-06 03:57:00,898,0
F0271,AirIndia,MAA,DEL,2023-05-03 15:12:00,2023-05-03 15:17:00,1191,0
F0272,Indigo,BLR,MAA,2023-05-21 07:53:00,2023-05-21 08:23:00,922,1
F0273,Indigo,BOM,DEL,2023-05-14 23:39:00,2023-05-15 00:39:00,872,1
F0274,Vistara,HYD,CCU,2023-05-01 14:18:00,2023-05-01 14:18:00,647,0
F0275,Vistara,DEL,HYD,2023-05-03 16:42:00,2023-05-03 16:42:00,1430,0
F0276,Indigo,HYD,BOM,2023-05-25 11:59:00,2023-05-25 12:44:00,1644,1
F0277,Vistara,DEL,MAA,2023-05-29 00:48:00,2023-05-29 00:58:00,1174,0
F0278,Indigo,CCU,BOM,2023-05-08 21:32:00,2023-05-08 21:47:00,1108,0
F0279,Vistara,DEL,HYD,2023-05-12 16:03:00,2023-05-12 16:48:00,1229,1
F0280,Vistara,HYD,DEL,2023-05-20 06:26:00,2023-05-20 06:26:00,1194,0
F0281,Vistara,BLR,DEL,2023-05-19 10:45:00,2023-05-19 11:15:00,416,1
F0282,AirIndia,CCU,BLR,2023-05-09 05:23:00,2023-05-09 05:33:00,1769,0
F0283,AirIndia,CCU,BLR,2023-05-07 00:44:00,2023-05-07 01:14:00,1403,1
F0284,AirIndia,MAA,HYD,2023-05-17 06:40:00,2023-05-17 07:40:00,783,1
F0285,AirIndia,HYD,MAA,2023-05-26 19:51:00,2023-05-26 19:56:00,1235,0
F0286,SpiceJet,DEL,MAA,2023-05-06 03:03:00,2023-05-06 03:03:00,1166,0
F0287,AirIndia,MAA,HYD,2023-05-03 07:17:00,2023-05-03 07:17:00,1021,0
F0288,Indigo,BLR,CCU,2023-05-08 20:45:00,2023-05-08 20:50:00,1168,0
F0289,Vistara,MAA,DEL,2023-05-22 12:58:00,2023-05-22 13:03:00,628,0
F0290,SpiceJet,CCU,DEL,2023-05-02 17:51:00,2023-05-02 18:06:00,1316,0
F0291,Vistara,CCU,DEL,2023-05-17 01:18:00,2023-05-17 01:48:00,1273,1
F0292,AirIndia,CCU,HYD,2023-05-27 01:59:00,2023-05-27 01:59:00,525,0
F0293,Indigo,BOM,MAA,2023-05-18 08:18:00,2023-05-18 08:28:00,597,0
F0294,Indigo,BLR,CCU,2023-05-20 02:14:00,2023-05-20 02:14:00,1892,0
F0295,AirIndia,HYD,DEL,2023-05-29 21:25:00,2023-05-29 22:25:00,981,1
F0296,AirIndia,CCU,HYD,2023-05-27 02:52:00,2023-05-27 02:52:00,745,0
F0297,SpiceJet,CCU,DEL,2023-05-24 07:32:00,2023-05-24 07:32:00,641,0
F0298,SpiceJet,BOM,BLR,2023-05-11 05:14:00,2023-05-11 05:24:00,1503,0
F0299,Indigo,DEL,MAA,2023-05-20 03:59:00,2023-05-20 04:29:00,1630,1
F0300,Indigo,HYD,MAA,2023-05-07 23:45:00,2023-05-08 00:45:00,1911,1
F0301,SpiceJet,BOM,CCU,2023-05-16 23:00:00,2023-05-16 23:00:00,1569,0
F0302,AirIndia,HYD,BOM,2023-05-01 08:42:00,2023-05-01 08:57:00,1536,0
F0303,Vistara,BLR,HYD,2023-05-21 13:36:00,2023-05-21 14:06:00,1961,1
F0304,SpiceJet,BLR,CCU,2023-05-24 10:19:00,2023-05-24 10:49:00,971,1
F0305,SpiceJet,BLR,BOM,2023-05-19 06:53:00,2023-05-19 06:53:00,923,0
F0306,Indigo,DEL,MAA,2023-05-20 06:37:00,2023-05-20 06:37:00,513,0
F0307,Vistara,CCU,BLR,2023-05-06 14:18:00,2023-05-06 14:18:00,1784,0
F0308,Vistara,MAA,HYD,2023-05-17 04:04:00,2023-05-17 04:19:00,440,0
F0309,AirIndia,CCU,BOM,2023-05-12 04:34:00,2023-05-12 04:39:00,1517,0
F0310,Vistara,MAA,DEL,2023-05-02 12:15:00,2023-05-02 12:15:00,411,0
F0311,SpiceJet,HYD,BLR,2023-05-02 12:03:00,2023-05-02 12:13:00,1926,0
F0312,Indigo,HYD,BOM,2023-05-07 23:48:00,2023-05-07 23:48:00,855,0
F0313,AirIndia,BLR,HYD,2023-05-04 19:53:00,2023-05-04 20:23:00,1757,1
F0314,Indigo,BOM,DEL,2023-05-09 21:35:00,2023-05-09 21:35:00,1430,0
F0315,AirIndia,BLR,CCU,2023-05-25 08:14:00,2023-05-25 09:14:00,467,1
F0316,Vistara,DEL,HYD,2023-05-06 20:02:00,2023-05-06 20:02:00,1755,0
F0317,SpiceJet,BLR,DEL,2023-05-08 02:29:00,2023-05-08 02:34:00,1917,0
F0318,Indigo,DEL,MAA,2023-05-10 21:15:00,2023-05-10 21:15:00,1453,0
F0319,SpiceJet,BLR,MAA,2023-05-20 21:49:00,2023-05-20 22:34:00,640,1
F0320,Indigo,HYD,DEL,2023-05-26 22:04:00,2023-05-26 22:04:00,1561,0
F0321,SpiceJet,HYD,BOM,2023-05-30 13:02:00,2023-05-30 14:02:00,1323,1
F0322,Vistara,MAA,CCU,2023-05-21 04:21:00,2023-05-21 04:21:00,1241,0
F0323,AirIndia,HYD,CCU,2023-05-04 01:32:00,2023-05-04 01:47:00,1928,0
F0324,AirIndia,HYD,BOM,2023-05-04 09:56:00,2023-05-04 10:41:00,1618,1
F0325,Indigo,CCU,HYD,2023-05-28 14:56:00,2023-05-28 14:56:00,1764,0
F0326,Vistara,BLR,CCU,2023-05-15 09:09:00,2023-05-15 09:09:00,455,0
F0327,Indigo,HYD,BLR,2023-05-23 15:36:00,2023-05-23 15:36:00,919,0
F0328,Indigo,DEL,CCU,2023-05-20 10:21:00,2023-05-20 10:21:00,1328,0
F0329,Indigo,BLR,HYD,2023-05-17 22:22:00,2023-05-17 22:52:00,1608,1
F0330,SpiceJet,HYD,BLR,2023-05-27 04:20:00,2023-05-27 04:50:00,1758,1
F0331,Vistara,CCU,BOM,2023-05-03 03:55:00,2023-05-03 04:40:00,1722,1
F0332,AirIndia,MAA,DEL,2023-05-16 20:18:00,2023-05-16 20:48:00,1473,1
F0333,AirIndia,HYD,BLR,2023-05-27 20:24:00,2023-05-27 20:24:00,1546,0
F0334,Indigo,CCU,BOM,2023-05-24 13:35:00,2023-05-24 13:40:00,1202,0
F0335,SpiceJet,HYD,CCU,2023-05-11 15:45:00,2023-05-11 15:45:00,630,0
F0336,Vistara,CCU,DEL,2023-05-27 13:47:00,2023-05-27 14:47:00,847,1
F0337,SpiceJet,CCU,HYD,2023-05-11 10:03:00,2023-05-11 10:08:00,1701,0
F0338,AirIndia,BLR,HYD,2023-05-25 01:44:00,2023-05-25 01:54:00,731,0
F0339,SpiceJet,BLR,BOM,2023-05-18 23:30:00,2023-05-19 00:00:00,444,1
F0340,Indigo,BOM,HYD,2023-05-11 23:33:00,2023-05-12 00:03:00,982,1
F0341,Vistara,HYD,BLR,2023-05-01 03:00:00,2023-05-01 04:00:00,1871,1
F0342,Vistara,HYD,BOM,2023-05-10 03:03:00,2023-05-10 03:13:00,523,0
F0343,Indigo,HYD,MAA,2023-05-30 06:25:00,2023-05-30 06:40:00,1204,0
F0344,AirIndia,CCU,BOM,2023-05-04 16:34:00,2023-05-04 16:49:00,671,0
F0345,AirIndia,BOM,HYD,2023-05-14 03:31:00,2023-05-14 03:31:00,1351,0
F0346,SpiceJet,CCU,BOM,2023-05-16 19:30:00,2023-05-16 20:30:00,500,1
F0347,Vistara,BLR,HYD,2023-05-09 13:21:00,2023-05-09 14:21:00,1937,1
F0348,Indigo,CCU,DEL,2023-05-03 23:02:00,2023-05-03 23:07:00,1358,0
F0349,AirIndia,BOM,HYD,2023-05-22 14:38:00,2023-05-22 14:38:00,1185,0
F0350,AirIndia,DEL,HYD,2023-05-12 19:12:00,2023-05-12 19:22:00,1387,0
F0351,AirIndia,HYD,DEL,2023-05-21 01:34:00,2023-05-21 01:49:00,611,0
F0352,Vistara,HYD,BOM,2023-05-06 19:53:00,2023-05-06 19:53:00,910,0
F0353,Vistara,BOM,CCU,2023-05-29 18:51:00,2023-05-29 18:56:00,421,0
F0354,AirIndia,BOM,BLR,2023-05-12 08:33:00,2023-05-12 09:33:00,545,1
F0355,SpiceJet,BLR,MAA,2023-05-25 03:08:00,2023-05-25 03:13:00,793,0
F0356,SpiceJet,BOM,DEL,2023-05-02 01:07:00,2023-05-02 01:52:00,1714,1
F0357,Indigo,CCU,MAA,2023-05-04 13:04:00,2023-05-04 13:04:00,871,0
F0358,Indigo,CCU,BLR,2023-05-24 08:35:00,2023-05-24 09:20:00,1541,1
F0359,AirIndia,BLR,BOM,2023-05-06 05:37:00,2023-05-06 05:47:00,1780,0
F0360,Indigo,HYD,MAA,2023-05-25 16:18:00,2023-05-25 17:18:00,1744,1
F0361,Vistara,BOM,DEL,2023-05-16 06:36:00,2023-05-16 06:41:00,917,0
F0362,Indigo,DEL,BOM,2023-05-16 11:13:00,2023-05-16 12:13:00,505,1
F0363,Indigo,CCU,HYD,2023-05-19 01:04:00,2023-05-19 02:04:00,1990,1
F0364,Vistara,HYD,CCU,2023-05-27 00:41:00,2023-05-27 01:41:00,955,1
F0365,Vistara,MAA,CCU,2023-05-26 21:10:00,2023-05-26 21:10:00,430,0
F0366,Vistara,BOM,CCU,2023-05-21 07:04:00,2023-05-21 07:04:00,1447,0
F0367,Indigo,HYD,MAA,2023-05-17 18:55:00,2023-05-17 18:55:00,1789,0
F0368,SpiceJet,HYD,MAA,2023-05-16 18:23:00,2023-05-16 19:08:00,796,1
F0369,Indigo,HYD,CCU,2023-05-15 03:43:00,2023-05-15 04:13:00,652,1
F0370,Indigo,CCU,DEL,2023-05-21 08:53:00,2023-05-21 08:53:00,799,0
F0371,Indigo,BOM,BLR,2023-05-19 01:10:00,2023-05-19 01:55:00,852,1
F0372,AirIndia,CCU,HYD,2023-05-16 08:48:00,2023-05-16 09:48:00,440,1
F0373,Vistara,BOM,MAA,2023-05-29 23:53:00,2023-05-30 00:53:00,1637,1
F0374,SpiceJet,BOM,HYD,2023-05-17 08:58:00,2023-05-17 09:03:00,985,0
F0375,Indigo,DEL,HYD,2023-05-11 05:50:00,2023-05-11 05:55:00,1798,0
F0376,Indigo,HYD,CCU,2023-05-13 09:57:00,2023-05-13 09:57:00,1666,0
F0377,Vistara,HYD,BLR,2023-05-21 18:23:00,2023-05-21 19:08:00,916,1
F0378,SpiceJet,DEL,CCU,2023-05-30 01:12:00,2023-05-30 01:17:00,1226,0
F0379,SpiceJet,MAA,BOM,2023-05-11 07:33:00,2023-05-11 07:33:00,728,0
F0380,Indigo,BLR,DEL,2023-05-07 12:08:00,2023-05-07 13:08:00,1868,1
F0381,SpiceJet,BLR,CCU,2023-05-04 21:49:00,2023-05-04 21:49:00,827,0
F0382,AirIndia,CCU,BLR,2023-05-03 02:06:00,2023-05-03 02:16:00,1153,0
F0383,SpiceJet,BOM,MAA,2023-05-16 01:11:00,2023-05-16 01:41:00,1730,1
F0384,Indigo,BLR,BOM,2023-05-21 11:52:00,2023-05-21 11:52:00,1936,0
F0385,AirIndia,DEL,BOM,2023-05-06 16:00:00,2023-05-06 16:05:00,933,0
F0386,Vistara,MAA,BOM,2023-05-06 22:18:00,2023-05-06 22:28:00,1594,0
F0387,SpiceJet,HYD,BOM,2023-05-14 12:24:00,2023-05-14 13:24:00,1458,1
F0388,Indigo,BLR,DEL,2023-05-07 18:09:00,2023-05-07 19:09:00,1488,1
F0389,AirIndia,HYD,BLR,2023-05-09 20:02:00,2023-05-09 21:02:00,615,1
F0390,AirIndia,BOM,CCU,2023-05-09 08:28:00,2023-05-09 09:28:00,1170,1
F0391,SpiceJet,MAA,BLR,2023-05-13 11:04:00,2023-05-13 11:14:00,1848,0
F0392,SpiceJet,DEL,BOM,2023-05-13 21:20:00,2023-05-13 21:20:00,967,0
F0393,AirIndia,CCU,HYD,2023-05-24 23:49:00,2023-05-24 23:49:00,1755,0
F0394,Indigo,HYD,BOM,2023-05-13 04:52:00,2023-05-13 04:52:00,1531,0
F0395,Vistara,BOM,CCU,2023-05-23 13:13:00,2023-05-23 14:13:00,836,1
F0396,Indigo,BLR,HYD,2023-05-26 14:02:00,2023-05-26 15:02:00,1648,1
F0397,AirIndia,BLR,MAA,2023-05-06 18:33:00,2023-05-06 18:43:00,975,0
F0398,SpiceJet,BLR,CCU,2023-05-19 13:20:00,2023-05-19 13:25:00,1914,0
F0399,SpiceJet,BOM,HYD,2023-05-29 22:10:00,2023-05-29 22:40:00,713,1
F0400,Vistara,CCU,MAA,2023-05-03 14:59:00,2023-05-03 14:59:00,578,0
F0401,Vistara,CCU,BLR,2023-05-24 03:29:00,2023-05-24 03:29:00,478,0
F0402,SpiceJet,CCU,BLR,2023-05-17 13:13:00,2023-05-17 13:13:00,764,0
F0403,SpiceJet,BOM,CCU,2023-05-25 13:24:00,2023-05-25 13:39:00,1269,0
F0404,Indigo,BOM,BLR,2023-05-16 05:23:00,2023-05-16 05:23:00,453,0
F0405,Vistara,DEL,BOM,2023-05-02 08:35:00,2023-05-02 08:35:00,853,0
F0406,Vistara,DEL,BOM,2023-05-05 01:43:00,2023-05-05 01:43:00,1690,0
F0407,SpiceJet,DEL,HYD,2023-05-05 23:30:00,2023-05-05 23:45:00,1067,0
F0408,Vistara,CCU,BLR,2023-05-20 02:52:00,2023-05-20 03:07:00,435,0
F0409,AirIndia,BOM,CCU,2023-05-16 03:39:00,2023-05-16 03:39:00,605,0
F0410,AirIndia,HYD,BLR,2023-05-14 20:55:00,2023-05-14 21:05:00,566,0
F0411,Vistara,BOM,HYD,2023-05-19 15:13:00,2023-05-19 15:58:00,411,1
F0412,Indigo,MAA,BOM,2023-05-06 05:58:00,2023-05-06 06:58:00,1794,1
F0413,Vistara,HYD,CCU,2023-05-19 03:56:00,2023-05-19 04:26:00,1586,1
F0414,Indigo,DEL,CCU,2023-05-19 18:40:00,2023-05-19 18:55:00,1236,0
F0415,SpiceJet,HYD,CCU,2023-05-21 09:03:00,2023-05-21 09:18:00,1610,0
F0416,SpiceJet,BOM,CCU,2023-05-18 01:33:00,2023-05-18 01:48:00,655,0
F0417,AirIndia,BLR,BOM,2023-05-30 16:37:00,2023-05-30 17:37:00,868,1
F0418,AirIndia,DEL,HYD,2023-05-11 10:23:00,2023-05-11 10:23:00,1548,0
F0419,SpiceJet,MAA,BOM,2023-05-29 04:10:00,2023-05-29 04:55:00,1830,1
F0420,Indigo,MAA,BOM,2023-05-18 17:39:00,2023-05-18 18:09:00,893,1
F0421,AirIndia,BOM,CCU,2023-05-30 18:24:00,2023-05-30 18:54:00,608,1
F0422,Indigo,MAA,HYD,2023-05-11 05:54:00,2023-05-11 05:54:00,1234,0
F0423,Vistara,BLR,MAA,2023-05-04 09:51:00,2023-05-04 09:51:00,1405,0
F0424,SpiceJet,CCU,HYD,2023-05-15 04:24:00,2023-05-15 05:24:00,545,1
F0425,Vistara,BOM,CCU,2023-05-21 16:01:00,2023-05-21 16:11:00,552,0
F0426,Vistara,HYD,BOM,2023-05-02 05:36:00,2023-05-02 05:36:00,1775,0
F0427,Vistara,BLR,HYD,2023-05-07 09:51:00,2023-05-07 09:51:00,570,0
F0428,Vistara,BOM,CCU,2023-05-03 15:17:00,2023-05-03 15:17:00,1977,0
F0429,SpiceJet,MAA,BOM,2023-05-09 14:20:00,2023-05-09 14:20:00,1960,0
F0430,Indigo,CCU,MAA,2023-05-12 08:51:00,2023-05-12 09:06:00,1356,0
F0431,Indigo,CCU,HYD,2023-05-13 06:26:00,2023-05-13 07:26:00,1849,1
F0432,SpiceJet,HYD,BLR,2023-05-08 23:33:00,2023-05-09 00:33:00,1773,1
F0433,Vistara,BOM,DEL,2023-05-26 07:59:00,2023-05-26 07:59:00,908,0
F0434,Vistara,BOM,BLR,2023-05-28 01:12:00,2023-05-28 01:17:00,1316,0
F0435,SpiceJet,HYD,BOM,2023-05-11 16:10:00,2023-05-11 16:25:00,1728,0
F0436,AirIndia,BOM,BLR,2023-05-30 19:47:00,2023-05-30 19:47:00,1157,0
F0437,Vistara,MAA,BLR,2023-05-26 23:38:00,2023-05-26 23:43:00,1035,0
F0438,AirIndia,DEL,BLR,2023-05-06 01:11:00,2023-05-06 01:21:00,1152,0
F0439,Vistara,DEL,MAA,2023-05-21 10:02:00,2023-05-21 11:02:00,1979,1
F0440,Indigo,CCU,DEL,2023-05-23 01:45:00,2023-05-23 02:15:00,1411,1
F0441,Indigo,CCU,DEL,2023-05-22 04:19:00,2023-05-22 04:34:00,639,0
F0442,SpiceJet,BLR,DEL,2023-05-03 02:09:00,2023-05-03 02:19:00,500,0
F0443,Indigo,MAA,DEL,2023-05-25 21:59:00,2023-05-25 21:59:00,1837,0
F0444,AirIndia,HYD,MAA,2023-05-21 09:41:00,2023-05-21 10:41:00,803,1
F0445,SpiceJet,HYD,DEL,2023-05-19 08:21:00,2023-05-19 08:36:00,686,0
F0446,AirIndia,CCU,HYD,2023-05-26 00:58:00,2023-05-26 01:13:00,671,0
F0447,Indigo,MAA,BLR,2023-05-21 17:49:00,2023-05-21 17:49:00,1224,0
F0448,AirIndia,BLR,MAA,2023-05-24 00:05:00,2023-05-24 00:15:00,790,0
F0449,Indigo,HYD,BOM,2023-05-18 23:28:00,2023-05-19 00:13:00,1468,1
F0450,Indigo,HYD,BLR,2023-05-03 21:15:00,2023-05-03 21:15:00,1871,0
F0451,Indigo,CCU,BOM,2023-05-25 07:36:00,2023-05-25 08:21:00,1117,1
F0452,Vistara,BLR,BOM,2023-05-03 02:53:00,2023-05-03 02:53:00,943,0
F0453,AirIndia,DEL,MAA,2023-05-26 19:23:00,2023-05-26 20:23:00,1476,1
F0454,SpiceJet,DEL,BOM,2023-05-02 04:13:00,2023-05-02 04:13:00,1161,0
F0455,Vistara,BOM,DEL,2023-05-11 14:25:00,2023-05-11 15:10:00,972,1
F0456,AirIndia,BOM,MAA,2023-05-07 13:08:00,2023-05-07 13:08:00,818,0
F0457,Indigo,BLR,BOM,2023-05-18 15:43:00,2023-05-18 15:58:00,1004,0
F0458,Vistara,MAA,HYD,2023-05-02 02:10:00,2023-05-02 02:10:00,520,0
F0459,AirIndia,HYD,BOM,2023-05-01 06:35:00,2023-05-01 06:35:00,664,0
F0460,Indigo,BLR,HYD,2023-05-22 13:39:00,2023-05-22 13:39:00,1422,0
F0461,Vistara,MAA,CCU,2023-05-02 16:33:00,2023-05-02 16:33:00,1392,0
F0462,AirIndia,HYD,CCU,2023-05-21 13:27:00,2023-05-21 14:27:00,1919,1
F0463,AirIndia,MAA,BOM,2023-05-22 15:33:00,2023-05-22 15:33:00,1031,0
F0464,Indigo,BOM,CCU,2023-05-02 22:17:00,2023-05-02 22:27:00,610,0
F0465,Indigo,MAA,BOM,2023-05-12 05:36:00,2023-05-12 05:36:00,865,0
F0466,SpiceJet,CCU,BOM,2023-05-30 21:26:00,2023-05-30 22:11:00,1274,1
F0467,Vistara,DEL,MAA,2023-05-08 12:52:00,2023-05-08 12:52:00,1541,0
F0468,AirIndia,CCU,DEL,2023-05-19 09:06:00,2023-05-19 09:16:00,671,0
F0469,AirIndia,BLR,HYD,2023-05-07 07:53:00,2023-05-07 07:53:00,1798,0
F0470,Indigo,DEL,HYD,2023-05-12 18:00:00,2023-05-12 18:00:00,726,0
F0471,Indigo,MAA,CCU,2023-05-07 11:15:00,2023-05-07 11:20:00,441,0
F0472,AirIndia,DEL,CCU,2023-05-01 16:03:00,2023-05-01 16:13:00,1355,0
F0473,Vistara,BOM,MAA,2023-05-24 00:57:00,2023-05-24 00:57:00,1027,0
F0474,Vistara,BLR,HYD,2023-05-10 17:52:00,2023-05-10 18:02:00,1728,0
F0475,Vistara,BOM,CCU,2023-05-01 16:36:00,2023-05-01 17:36:00,1708,1
F0476,Vistara,HYD,DEL,2023-05-02 23:13:00,2023-05-02 23:43:00,907,1
F0477,Vistara,MAA,HYD,2023-05-04 06:03:00,2023-05-04 06:48:00,669,1
F0478,AirIndia,BOM,MAA,2023-05-17 18:35:00,2023-05-17 19:05:00,532,1
F0479,SpiceJet,CCU,HYD,2023-05-14 22:08:00,2023-05-14 22:18:00,1626,0
F0480,Vistara,BOM,BLR,2023-05-27 02:35:00,2023-05-27 02:45:00,1123,0
F0481,Indigo,CCU,MAA,2023-05-12 20:56:00,2023-05-12 21:41:00,743,1
F0482,Vistara,CCU,BLR,2023-05-10 03:29:00,2023-05-10 03:29:00,469,0
F0483,Indigo,BLR,BOM,2023-05-24 20:22:00,2023-05-24 20:52:00,1206,1
F0484,SpiceJet,BOM,CCU,2023-05-03 16:00:00,2023-05-03 16:30:00,1885,1
F0485,SpiceJet,BOM,HYD,2023-05-16 17:10:00,2023-05-16 17:15:00,1244,0
F0486,SpiceJet,BLR,CCU,2023-05-22 04:17:00,2023-05-22 04:22:00,1891,0
F0487,AirIndia,HYD,DEL,2023-05-11 08:31:00,2023-05-11 08:31:00,1268,0
F0488,Vistara,BOM,CCU,2023-05-02 16:01:00,2023-05-02 16:16:00,418,0
F0489,SpiceJet,CCU,BOM,2023-05-14 11:39:00,2023-05-14 12:09:00,872,1
F0490,Vistara,DEL,CCU,2023-05-04 13:42:00,2023-05-04 13:42:00,1356,0
F0491,AirIndia,BOM,CCU,2023-05-29 07:19:00,2023-05-29 07:19:00,1326,0
F0492,Indigo,DEL,MAA,2023-05-01 07:55:00,2023-05-01 07:55:00,1234,0
F0493,AirIndia,MAA,CCU,2023-05-09 01:13:00,2023-05-09 01:43:00,952,1
F0494,AirIndia,CCU,HYD,2023-05-04 01:01:00,2023-05-04 01:46:00,446,1
F0495,Vistara,CCU,BLR,2023-05-24 18:23:00,2023-05-24 18:23:00,1325,0
F0496,Vistara,CCU,DEL,2023-05-15 02:00:00,2023-05-15 02:00:00,1979,0
F0497,SpiceJet,BOM,BLR,2023-05-17 10:51:00,2023-05-17 10:51:00,405,0
F0498,SpiceJet,DEL,CCU,2023-05-21 03:32:00,2023-05-21 03:47:00,530,0
F0499,Vistara,BOM,HYD,2023-05-26 13:55:00,2023-05-26 14:00:00,461,0
F0500,Indigo,MAA,BLR,2023-05-06 12:10:00,2023-05-06 12:10:00,1389,0
F0501,SpiceJet,HYD,MAA,2023-05-19 22:29:00,2023-05-19 22:39:00,689,0
F0502,Indigo,BLR,MAA,2023-05-29 05:38:00,2023-05-29 06:08:00,1311,1
F0503,Indigo,DEL,HYD,2023-05-26 14:45:00,2023-05-26 14:45:00,1009,0
F0504,Indigo,CCU,MAA,2023-05-28 14:44:00,2023-05-28 15:14:00,1892,1
F0505,Vistara,CCU,BOM,2023-05-02 17:50:00,2023-05-02 17:50:00,1805,0
F0506,SpiceJet,BLR,DEL,2023-05-12 20:38:00,2023-05-12 20:38:00,1169,0
F0507,AirIndia,BLR,HYD,2023-05-13 07:10:00,2023-05-13 07:10:00,444,0
F0508,Vistara,DEL,CCU,2023-05-13 09:39:00,2023-05-13 10:09:00,1551,1
F0509,SpiceJet,CCU,DEL,2023-05-27 23:56:00,2023-05-28 00:06:00,1359,0
F0510,Vistara,DEL,BLR,2023-05-28 05:59:00,2023-05-28 06:04:00,645,0
F0511,Vistara,BLR,DEL,2023-05-26 09:33:00,2023-05-26 09:33:00,873,0
F0512,Vistara,CCU,BLR,2023-05-30 12:05:00,2023-05-30 12:10:00,1526,0
F0513,Indigo,CCU,DEL,2023-05-09 15:18:00,2023-05-09 15:18:00,675,0
F0514,AirIndia,DEL,HYD,2023-05-05 17:21:00,2023-05-05 18:21:00,726,1
F0515,AirIndia,MAA,HYD,2023-05-15 16:45:00,2023-05-15 16:45:00,1626,0
F0516,Vistara,HYD,BOM,2023-05-26 04:45:00,2023-05-26 04:45:00,1426,0
F0517,AirIndia,DEL,BLR,2023-05-18 13:19:00,2023-05-18 14:19:00,918,1
F0518,AirIndia,CCU,HYD,2023-05-06 22:53:00,2023-05-06 22:53:00,1061,0
F0519,SpiceJet,BOM,DEL,2023-05-14 17:07:00,2023-05-14 17:12:00,946,0
F0520,SpiceJet,CCU,BLR,2023-05-17 14:32:00,2023-05-17 14:32:00,1716,0
F0521,AirIndia,DEL,HYD,2023-05-18 14:45:00,2023-05-18 15:30:00,1287,1
F0522,SpiceJet,DEL,BOM,2023-05-12 07:59:00,2023-05-12 07:59:00,433,0
F0523,AirIndia,CCU,HYD,2023-05-30 06:28:00,2023-05-30 06:38:00,1934,0
F0524,SpiceJet,BLR,MAA,2023-05-28 06:17:00,2023-05-28 06:27:00,1889,0
F0525,SpiceJet,BLR,MAA,2023-05-14 05:56:00,2023-05-14 06:41:00,1174,1
F0526,Indigo,DEL,MAA,2023-05-08 16:47:00,2023-05-08 16:57:00,618,0
F0527,Indigo,MAA,BOM,2023-05-13 22:35:00,2023-05-13 22:40:00,1154,0
F0528,Indigo,DEL,HYD,2023-05-26 03:40:00,2023-05-26 04:40:00,862,1
F0529,Vistara,CCU,BLR,2023-05-21 23:51:00,2023-05-21 23:51:00,1909,0
F0530,AirIndia,HYD,DEL,2023-05-13 19:22:00,2023-05-13 20:07:00,1476,1
F0531,Vistara,CCU,BLR,2023-05-26 11:11:00,2023-05-26 12:11:00,463,1
F0532,Indigo,BLR,HYD,2023-05-25 10:55:00,2023-05-25 11:05:00,1335,0
F0533,SpiceJet,BLR,CCU,2023-05-16 19:31:00,2023-05-16 19:46:00,672,0
F0534,Indigo,MAA,DEL,2023-05-15 02:45:00,2023-05-15 02:45:00,431,0
F0535,AirIndia,CCU,BOM,2023-05-02 19:27:00,2023-05-02 19:57:00,1030,1
F0536,SpiceJet,BLR,DEL,2023-05-29 02:20:00,2023-05-29 02:30:00,704,0
F0537,SpiceJet,BLR,MAA,2023-05-11 22:33:00,2023-05-11 23:18:00,707,1
F0538,SpiceJet,BLR,MAA,2023-05-29 17:50:00,2023-05-29 18:20:00,1601,1
F0539,Vistara,DEL,BOM,2023-05-21 18:09:00,2023-05-21 19:09:00,527,1
F0540,SpiceJet,BOM,CCU,2023-05-26 16:16:00,2023-05-26 16:46:00,1936,1
F0541,AirIndia,DEL,HYD,2023-05-22 22:07:00,2023-05-22 22:12:00,1551,0
F0542,AirIndia,CCU,BLR,2023-05-18 20:27:00,2023-05-18 20:27:00,704,0
F0543,SpiceJet,BOM,CCU,2023-05-02 10:25:00,2023-05-02 10:40:00,1730,0
F0544,Vistara,HYD,CCU,2023-05-23 13:21:00,2023-05-23 14:21:00,1530,1
F0545,AirIndia,CCU,MAA,2023-05-09 01:59:00,2023-05-09 01:59:00,1187,0
F0546,Vistara,BLR,HYD,2023-05-01 01:00:00,2023-05-01 01:30:00,1777,1
F0547,Indigo,HYD,MAA,2023-05-06 02:33:00,2023-05-06 02:33:00,1110,0
F0548,AirIndia,CCU,BOM,2023-05-14 14:43:00,2023-05-14 15:13:00,786,1
F0549,AirIndia,DEL,MAA,2023-05-10 09:29:00,2023-05-10 09:29:00,545,0
F0550,AirIndia,MAA,DEL,2023-05-14 07:44:00,2023-05-14 07:44:00,1010,0
F0551,AirIndia,DEL,BOM,2023-05-13 15:17:00,2023-05-13 15:47:00,634,1
F0552,SpiceJet,BOM,DEL,2023-05-29 19:02:00,2023-05-29 19:02:00,941,0
F0553,SpiceJet,BOM,BLR,2023-05-18 22:07:00,2023-05-18 22:07:00,1829,0
F0554,SpiceJet,HYD,CCU,2023-05-11 11:33:00,2023-05-11 12:03:00,402,1
F0555,AirIndia,DEL,BLR,2023-05-19 03:54:00,2023-05-19 04:04:00,1184,0
F0556,Indigo,MAA,CCU,2023-05-24 03:04:00,2023-05-24 03:04:00,1562,0
F0557,AirIndia,BOM,DEL,2023-05-22 12:40:00,2023-05-22 12:45:00,802,0
F0558,Vistara,BLR,DEL,2023-05-06 03:06:00,2023-05-06 03:11:00,671,0
F0559,AirIndia,CCU,BLR,2023-05-19 18:21:00,2023-05-19 18:31:00,1534,0
F0560,AirIndia,BLR,BOM,2023-05-09 17:08:00,2023-05-09 17:13:00,937,0
F0561,AirIndia,BOM,HYD,2023-05-19 02:30:00,2023-05-19 03:00:00,1364,1
F0562,Vistara,DEL,MAA,2023-05-21 08:06:00,2023-05-21 08:51:00,945,1
F0563,Vistara,DEL,CCU,2023-05-14 21:09:00,2023-05-14 21:09:00,1261,0
F0564,SpiceJet,BLR,CCU,2023-05-08 07:27:00,2023-05-08 07:27:00,823,0
F0565,Indigo,MAA,CCU,2023-05-10 15:08:00,2023-05-10 15:08:00,1518,0
F0566,AirIndia,BOM,BLR,2023-05-07 05:53:00,2023-05-07 05:53:00,1710,0
F0567,SpiceJet,HYD,CCU,2023-05-25 01:35:00,2023-05-25 01:35:00,1203,0
F0568,AirIndia,BOM,BLR,2023-05-28 08:23:00,2023-05-28 08:38:00,1558,0
F0569,Vistara,CCU,MAA,2023-05-28 05:27:00,2023-05-28 06:27:00,1526,1
F0570,AirIndia,CCU,HYD,2023-05-28 09:03:00,2023-05-28 10:03:00,1316,1
F0571,Indigo,BLR,DEL,2023-05-17 20:25:00,2023-05-17 21:10:00,1999,1
F0572,SpiceJet,BOM,HYD,2023-05-27 17:58:00,2023-05-27 17:58:00,633,0
F0573,SpiceJet,MAA,DEL,2023-05-03 08:22:00,2023-05-03 09:07:00,752,1
F0574,Vistara,BOM,DEL,2023-05-28 11:23:00,2023-05-28 11:53:00,898,1
F0575,SpiceJet,HYD,BLR,2023-05-15 16:13:00,2023-05-15 16:23:00,793,0
F0576,AirIndia,BOM,DEL,2023-05-14 22:20:00,2023-05-14 22:20:00,525,0
F0577,SpiceJet,BOM,HYD,2023-05-18 09:19:00,2023-05-18 09:24:00,1221,0
F0578,SpiceJet,BLR,HYD,2023-05-17 02:16:00,2023-05-17 02:26:00,935,0
F0579,AirIndia,CCU,HYD,2023-05-20 18:31:00,2023-05-20 18:41:00,1368,0
F0580,AirIndia,DEL,MAA,2023-05-10 11:31:00,2023-05-10 11:46:00,1003,0
F0581,Indigo,MAA,CCU,2023-05-11 04:11:00,2023-05-11 04:21:00,485,0
F0582,Vistara,MAA,BOM,2023-05-07 20:06:00,2023-05-07 20:36:00,1671,1
F0583,Indigo,HYD,MAA,2023-05-20 14:56:00,2023-05-20 15:06:00,583,0
F0584,AirIndia,HYD,MAA,2023-05-28 23:32:00,2023-05-29 00:17:00,1923,1
F0585,Indigo,DEL,MAA,2023-05-24 10:50:00,2023-05-24 11:05:00,663,0
F0586,Indigo,BLR,BOM,2023-05-13 09:39:00,2023-05-13 09:44:00,1336,0
F0587,Indigo,DEL,MAA,2023-05-02 23:22:00,2023-05-02 23:22:00,1068,0
F0588,AirIndia,MAA,CCU,2023-05-26 15:35:00,2023-05-26 15:35:00,1340,0
F0589,AirIndia,CCU,DEL,2023-05-09 15:53:00,2023-05-09 16:03:00,763,0
F0590,Indigo,DEL,BOM,2023-05-17 20:46:00,2023-05-17 21:46:00,1958,1
F0591,SpiceJet,BLR,BOM,2023-05-04 20:26:00,2023-05-04 21:26:00,1546,1
F0592,Indigo,CCU,MAA,2023-05-01 18:11:00,2023-05-01 18:26:00,1892,0
F0593,Indigo,DEL,MAA,2023-05-10 06:31:00,2023-05-10 06:31:00,1916,0
F0594,SpiceJet,BOM,CCU,2023-05-27 02:13:00,2023-05-27 02:23:00,1769,0
F0595,Vistara,BOM,CCU,2023-05-29 19:43:00,2023-05-29 19:58:00,839,0
F0596,Vistara,DEL,MAA,2023-05-27 03:59:00,2023-05-27 04:09:00,1206,0
F0597,SpiceJet,BLR,BOM,2023-05-26 07:49:00,2023-05-26 07:49:00,1711,0
F0598,Vistara,CCU,HYD,2023-05-21 20:13:00,2023-05-21 20:58:00,1217,1
F0599,AirIndia,BOM,CCU,2023-05-12 21:15:00,2023-05-12 21:30:00,897,0
F0600,Vistara,CCU,BOM,2023-05-24 19:49:00,2023-05-24 20:04:00,1405,0
F0601,SpiceJet,CCU,DEL,2023-05-23 19:54:00,2023-05-23 20:39:00,1067,1
F0602,Indigo,BOM,BLR,2023-05-28 04:56:00,2023-05-28 05:06:00,909,0
F0603,AirIndia,DEL,BOM,2023-05-14 20:52:00,2023-05-14 20:52:00,1819,0
F0604,Indigo,DEL,BOM,2023-05-11 22:50:00,2023-05-11 22:50:00,1521,0
F0605,AirIndia,BLR,CCU,2023-05-13 15:00:00,2023-05-13 15:10:00,1923,0
F0606,Vistara,BLR,CCU,2023-05-19 19:22:00,2023-05-19 20:22:00,1757,1
F0607,Vistara,BOM,DEL,2023-05-18 17:21:00,2023-05-18 17:31:00,560,0
F0608,Indigo,BOM,CCU,2023-05-29 13:14:00,2023-05-29 13:14:00,532,0
F0609,SpiceJet,BOM,CCU,2023-05-08 05:20:00,2023-05-08 05:20:00,795,0
F0610,Indigo,BOM,MAA,2023-05-12 02:54:00,2023-05-12 03:09:00,987,0
F0611,AirIndia,HYD,BLR,2023-05-03 17:53:00,2023-05-03 18:38:00,518,1
F0612,SpiceJet,BLR,DEL,2023-05-30 12:59:00,2023-05-30 13:59:00,542,1
F0613,Vistara,MAA,DEL,2023-05-04 22:56:00,2023-05-04 22:56:00,425,0
F0614,SpiceJet,HYD,DEL,2023-05-24 11:24:00,2023-05-24 11:24:00,928,0
F0615,Vistara,BOM,DEL,2023-05-25 12:52:00,2023-05-25 13:52:00,436,1
F0616,SpiceJet,CCU,BLR,2023-05-09 12:54:00,2023-05-09 13:24:00,1366,1
F0617,AirIndia,BOM,MAA,2023-05-23 12:46:00,2023-05-23 13:01:00,1884,0
F0618,AirIndia,CCU,BLR,2023-05-01 23:59:00,2023-05-01 23:59:00,1550,0
F0619,SpiceJet,HYD,CCU,2023-05-16 02:57:00,2023-05-16 03:07:00,1236,0
F0620,AirIndia,CCU,DEL,2023-05-22 13:51:00,2023-05-22 14:36:00,1151,1
F0621,Indigo,MAA,HYD,2023-05-19 00:07:00,2023-05-19 01:07:00,405,1
F0622,SpiceJet,CCU,BLR,2023-05-07 11:38:00,2023-05-07 11:43:00,1770,0
F0623,Vistara,DEL,BOM,2023-05-15 14:26:00,2023-05-15 14:41:00,1662,0
F0624,Vistara,MAA,BLR,2023-05-29 02:59:00,2023-05-29 03:14:00,852,0
F0625,Vistara,MAA,HYD,2023-05-10 12:40:00,2023-05-10 12:45:00,1224,0
F0626,SpiceJet,BLR,CCU,2023-05-13 13:29:00,2023-05-13 13:29:00,593,0
F0627,Indigo,MAA,BOM,2023-05-11 19:45:00,2023-05-11 20:30:00,606,1
F0628,AirIndia,DEL,BLR,2023-05-14 12:05:00,2023-05-14 12:05:00,663,0
F0629,Vistara,MAA,BLR,2023-05-22 23:23:00,2023-05-22 23:38:00,841,0
F0630,Indigo,DEL,CCU,2023-05-26 05:02:00,2023-05-26 06:02:00,1609,1
F0631,Indigo,DEL,BLR,2023-05-08 14:15:00,2023-05-08 15:00:00,901,1
F0632,SpiceJet,CCU,DEL,2023-05-15 07:38:00,2023-05-15 08:08:00,771,1
F0633,SpiceJet,BLR,CCU,2023-05-29 18:06:00,2023-05-29 18:06:00,1825,0
F0634,SpiceJet,DEL,BOM,2023-05-27 02:54:00,2023-05-27 02:59:00,1817,0
F0635,Indigo,DEL,BOM,2023-05-20 11:42:00,2023-05-20 12:12:00,1675,1
F0636,SpiceJet,HYD,BOM,2023-05-04 05:25:00,2023-05-04 05:25:00,1207,0
F0637,Indigo,CCU,HYD,2023-05-22 11:21:00,2023-05-22 11:36:00,534,0
F0638,AirIndia,MAA,CCU,2023-05-20 12:17:00,2023-05-20 12:47:00,1198,1
F0639,SpiceJet,DEL,BOM,2023-05-22 15:56:00,2023-05-22 16:56:00,1949,1
F0640,Indigo,CCU,MAA,2023-05-04 08:15:00,2023-05-04 08:45:00,1749,1
F0641,Indigo,DEL,MAA,2023-05-07 01:11:00,2023-05-07 01:11:00,1228,0
F0642,Vistara,HYD,BLR,2023-05-14 06:41:00,2023-05-14 06:41:00,1712,0
F0643,SpiceJet,BLR,MAA,2023-05-16 14:21:00,2023-05-16 14:31:00,1998,0
F0644,Indigo,HYD,BLR,2023-05-14 11:39:00,2023-05-14 11:49:00,1115,0
F0645,Vistara,HYD,DEL,2023-05-03 06:36:00,2023-05-03 07:21:00,893,1
F0646,Vistara,MAA,HYD,2023-05-16 10:38:00,2023-05-16 11:23:00,981,1
F0647,Vistara,BOM,CCU,2023-05-09 18:14:00,2023-05-09 18:59:00,1588,1
F0648,Vistara,BOM,CCU,2023-05-14 20:00:00,2023-05-14 20:00:00,1873,0
F0649,SpiceJet,BOM,BLR,2023-05-17 20:15:00,2023-05-17 20:15:00,1075,0
F0650,SpiceJet,BOM,CCU,2023-05-18 22:00:00,2023-05-18 22:15:00,861,0
F0651,Vistara,BLR,HYD,2023-05-10 18:10:00,2023-05-10 18:25:00,1664,0
F0652,Indigo,MAA,CCU,2023-05-29 21:14:00,2023-05-29 21:44:00,1745,1
F0653,AirIndia,CCU,MAA,2023-05-11 07:21:00,2023-05-11 07:26:00,1216,0
F0654,SpiceJet,DEL,HYD,2023-05-07 03:17:00,2023-05-07 04:17:00,557,1
F0655,Indigo,BOM,CCU,2023-05-25 11:26:00,2023-05-25 11:56:00,919,1
F0656,AirIndia,MAA,CCU,2023-05-11 21:08:00,2023-05-11 21:53:00,883,1
F0657,Vistara,CCU,BOM,2023-05-21 08:43:00,2023-05-21 08:43:00,1938,0
F0658,SpiceJet,BOM,DEL,2023-05-18 07:26:00,2023-05-18 07:36:00,1916,0
F0659,Indigo,DEL,BOM,2023-05-18 10:30:00,2023-05-18 11:30:00,510,1
F0660,SpiceJet,DEL,HYD,2023-05-29 15:58:00,2023-05-29 16:03:00,1178,0
F0661,Vistara,DEL,CCU,2023-05-01 10:47:00,2023-05-01 11:02:00,1956,0
F0662,AirIndia,BOM,BLR,2023-05-25 21:48:00,2023-05-25 21:58:00,1497,0
F0663,AirIndia,BOM,DEL,2023-05-30 20:04:00,2023-05-30 20:04:00,1548,0
F0664,Vistara,BLR,DEL,2023-05-13 17:28:00,2023-05-13 17:58:00,992,1
F0665,Vistara,CCU,DEL,2023-05-12 06:11:00,2023-05-12 07:11:00,695,1
F0666,Vistara,BOM,DEL,2023-05-05 23:50:00,2023-05-05 23:50:00,1165,0
F0667,AirIndia,DEL,CCU,2023-05-10 01:12:00,2023-05-10 01:27:00,1087,0
F0668,SpiceJet,MAA,BLR,2023-05-13 22:17:00,2023-05-13 23:17:00,1838,1
F0669,AirIndia,CCU,MAA,2023-05-09 16:28:00,2023-05-09 17:28:00,840,1
F0670,Indigo,BOM,BLR,2023-05-05 18:17:00,2023-05-05 18:32:00,791,0
F0671,AirIndia,BLR,BOM,2023-05-22 18:15:00,2023-05-22 18:30:00,1906,0
F0672,Vistara,BLR,MAA,2023-05-14 08:05:00,2023-05-14 08:05:00,1433,0
F0673,AirIndia,MAA,BLR,2023-05-18 23:03:00,2023-05-19 00:03:00,1339,1
F0674,SpiceJet,CCU,BLR,2023-05-01 08:49:00,2023-05-01 09:34:00,1012,1
F0675,Vistara,BOM,DEL,2023-05-04 19:44:00,2023-05-04 19:59:00,421,0
F0676,Indigo,BOM,MAA,2023-05-22 04:17:00,2023-05-22 04:17:00,1478,0
F0677,Indigo,MAA,BLR,2023-05-25 21:57:00,2023-05-25 22:02:00,904,0
F0678,AirIndia,HYD,BLR,2023-05-07 21:39:00,2023-05-07 22:39:00,1606,1
F0679,Indigo,BLR,DEL,2023-05-19 16:23:00,2023-05-19 16:23:00,574,0
F0680,Indigo,BLR,CCU,2023-05-17 10:33:00,2023-05-17 10:43:00,1230,0
F0681,SpiceJet,HYD,DEL,2023-05-23 23:01:00,2023-05-23 23:11:00,1366,0
F0682,AirIndia,BLR,MAA,2023-05-05 08:17:00,2023-05-05 08:22:00,689,0
F0683,AirIndia,BLR,CCU,2023-05-27 14:08:00,2023-05-27 14:38:00,1301,1
F0684,Indigo,BOM,HYD,2023-05-21 11:03:00,2023-05-21 11:48:00,1441,1
F0685,SpiceJet,CCU,HYD,2023-05-19 09:15:00,2023-05-19 09:25:00,899,0
F0686,Indigo,CCU,MAA,2023-05-18 17:37:00,2023-05-18 17:47:00,1985,0
F0687,Vistara,BOM,DEL,2023-05-01 00:18:00,2023-05-01 00:18:00,828,0
F0688,SpiceJet,BOM,MAA,2023-05-30 04:51:00,2023-05-30 04:51:00,1284,0
F0689,Vistara,CCU,BLR,2023-05-30 03:37:00,2023-05-30 03:37:00,1778,0
F0690,AirIndia,HYD,MAA,2023-05-07 01:49:00,2023-05-07 01:49:00,1538,0
F0691,Vistara,DEL,HYD,2023-05-02 14:08:00,2023-05-02 14:08:00,1692,0
F0692,AirIndia,BLR,DEL,2023-05-03 22:27:00,2023-05-03 22:27:00,648,0
F0693,Indigo,CCU,DEL,2023-05-09 03:50:00,2023-05-09 04:50:00,1091,1
F0694,SpiceJet,MAA,BLR,2023-05-06 13:02:00,2023-05-06 14:02:00,1397,1
F0695,SpiceJet,MAA,CCU,2023-05-17 23:51:00,2023-05-18 00:21:00,1669,1
F0696,Indigo,BLR,CCU,2023-05-27 08:38:00,2023-05-27 08:38:00,1300,0
F0697,AirIndia,HYD,BLR,2023-05-01 00:51:00,2023-05-01 01:06:00,1225,0
F0698,AirIndia,BLR,BOM,2023-05-04 21:53:00,2023-05-04 22:53:00,993,1
F0699,Vistara,DEL,BLR,2023-05-13 12:52:00,2023-05-13 13:52:00,677,1
F0700,Vistara,DEL,MAA,2023-05-21 19:14:00,2023-05-21 20:14:00,1857,1
F0701,AirIndia,BLR,MAA,2023-05-15 00:08:00,2023-05-15 00:13:00,616,0
F0702,Indigo,BOM,CCU,2023-05-27 05:24:00,2023-05-27 05:24:00,1412,0
F0703,Indigo,DEL,BOM,2023-05-08 16:58:00,2023-05-08 16:58:00,1547,0
F0704,AirIndia,HYD,MAA,2023-05-17 06:29:00,2023-05-17 06:39:00,974,0
F0705,Vistara,CCU,DEL,2023-05-10 23:20:00,2023-05-10 23:35:00,1411,0
F0706,Vistara,BLR,CCU,2023-05-16 13:43:00,2023-05-16 13:43:00,1463,0
F0707,Vistara,CCU,MAA,2023-05-13 12:34:00,2023-05-13 12:39:00,499,0
F0708,Indigo,DEL,CCU,2023-05-03 05:29:00,2023-05-03 05:29:00,830,0
F0709,Indigo,DEL,BLR,2023-05-13 00:16:00,2023-05-13 00:46:00,613,1
F0710,SpiceJet,HYD,BOM,2023-05-06 16:36:00,2023-05-06 16:36:00,1311,0
F0711,SpiceJet,MAA,BOM,2023-05-05 17:41:00,2023-05-05 17:46:00,715,0
F0712,SpiceJet,MAA,BOM,2023-05-01 14:23:00,2023-05-01 15:23:00,712,1
F0713,Vistara,BLR,HYD,2023-05-04 01:08:00,2023-05-04 01:18:00,1510,0
F0714,SpiceJet,BLR,DEL,2023-05-29 07:30:00,2023-05-29 08:00:00,1699,1
F0715,Indigo,CCU,MAA,2023-05-19 04:13:00,2023-05-19 04:23:00,1393,0
F0716,AirIndia,HYD,MAA,2023-05-30 01:27:00,2023-05-30 01:42:00,971,0
F0717,Vistara,DEL,MAA,2023-05-11 15:54:00,2023-05-11 15:54:00,1540,0
F0718,AirIndia,BOM,DEL,2023-05-05 13:28:00,2023-05-05 13:28:00,1744,0
F0719,SpiceJet,CCU,BOM,2023-05-03 07:45:00,2023-05-03 07:45:00,936,0
F0720,Vistara,BLR,BOM,2023-05-14 08:09:00,2023-05-14 08:09:00,504,0
F0721,Indigo,BOM,DEL,2023-05-21 18:45:00,2023-05-21 19:15:00,1136,1
F0722,SpiceJet,HYD,MAA,2023-05-07 01:50:00,2023-05-07 02:05:00,670,0
F0723,Vistara,CCU,DEL,2023-05-11 00:45:00,2023-05-11 01:45:00,815,1
F0724,SpiceJet,BOM,DEL,2023-05-26 20:50:00,2023-05-26 21:05:00,729,0
F0725,AirIndia,CCU,BLR,2023-05-24 07:18:00,2023-05-24 08:18:00,1198,1
F0726,Indigo,BOM,BLR,2023-05-21 22:05:00,2023-05-21 23:05:00,1661,1
F0727,Indigo,MAA,CCU,2023-05-23 08:28:00,2023-05-23 08:43:00,1922,0
F0728,Indigo,HYD,BOM,2023-05-03 08:24:00,2023-05-03 08:24:00,488,0
F0729,SpiceJet,BLR,CCU,2023-05-19 01:31:00,2023-05-19 01:31:00,1745,0
F0730,Vistara,BLR,HYD,2023-05-05 00:47:00,2023-05-05 01:17:00,1232,1
F0731,SpiceJet,BOM,MAA,2023-05-06 04:43:00,2023-05-06 04:53:00,1950,0
F0732,SpiceJet,MAA,CCU,2023-05-27 19:32:00,2023-05-27 19:47:00,1519,0
F0733,Vistara,DEL,HYD,2023-05-05 07:16:00,2023-05-05 07:46:00,759,1
F0734,AirIndia,DEL,MAA,2023-05-30 03:43:00,2023-05-30 04:13:00,839,1
F0735,Vistara,HYD,MAA,2023-05-17 19:44:00,2023-05-17 19:44:00,1409,0
F0736,Vistara,CCU,HYD,2023-05-22 15:01:00,2023-05-22 15:01:00,793,0
F0737,SpiceJet,CCU,MAA,2023-05-06 10:15:00,2023-05-06 10:30:00,1554,0
F0738,AirIndia,BLR,HYD,2023-05-23 04:03:00,2023-05-23 04:13:00,1966,0
F0739,AirIndia,CCU,BOM,2023-05-08 00:28:00,2023-05-08 01:28:00,1013,1
F0740,AirIndia,BLR,CCU,2023-05-23 13:15:00,2023-05-23 13:25:00,1395,0
F0741,Indigo,BLR,CCU,2023-05-08 04:30:00,2023-05-08 04:45:00,460,0
F0742,Vistara,BLR,DEL,2023-05-20 16:01:00,2023-05-20 16:11:00,523,0
F0743,AirIndia,CCU,MAA,2023-05-09 08:40:00,2023-05-09 09:10:00,1815,1
F0744,Vistara,BLR,DEL,2023-05-29 10:27:00,2023-05-29 11:12:00,1708,1
F0745,AirIndia,BOM,DEL,2023-05-06 00:37:00,2023-05-06 01:22:00,1062,1
F0746,SpiceJet,DEL,MAA,2023-05-08 17:53:00,2023-05-08 18:53:00,970,1
F0747,AirIndia,MAA,BOM,2023-05-17 02:10:00,2023-05-17 02:40:00,1617,1
F0748,Indigo,MAA,DEL,2023-05-28 23:18:00,2023-05-29 00:03:00,1307,1
F0749,SpiceJet,BOM,HYD,2023-05-04 21:05:00,2023-05-04 21:50:00,835,1
F0750,Vistara,MAA,DEL,2023-05-02 12:58:00,2023-05-02 13:28:00,1246,1
F0751,Indigo,BOM,CCU,2023-05-04 22:25:00,2023-05-04 22:30:00,1209,0
F0752,Vistara,CCU,HYD,2023-05-18 00:09:00,2023-05-18 00:39:00,1004,1
F0753,Indigo,BOM,DEL,2023-05-29 06:17:00,2023-05-29 06:22:00,1441,0
F0754,Indigo,DEL,CCU,2023-05-03 22:20:00,2023-05-03 23:20:00,1953,1
F0755,Vistara,MAA,BOM,2023-05-19 02:18:00,2023-05-19 03:18:00,892,1
F0756,SpiceJet,HYD,BLR,2023-05-30 09:16:00,2023-05-30 09:16:00,1315,0
F0757,Vistara,CCU,HYD,2023-05-09 12:13:00,2023-05-09 12:13:00,1178,0
F0758,Indigo,BOM,HYD,2023-05-13 08:23:00,2023-05-13 08:53:00,857,1
F0759,Indigo,MAA,DEL,2023-05-13 04:23:00,2023-05-13 04:23:00,509,0
F0760,Indigo,BLR,MAA,2023-05-20 09:31:00,2023-05-20 10:31:00,764,1
F0761,AirIndia,MAA,CCU,2023-05-21 02:20:00,2023-05-21 02:30:00,666,0
F0762,Indigo,DEL,MAA,2023-05-07 07:44:00,2023-05-07 07:44:00,1627,0
F0763,Indigo,CCU,HYD,2023-05-02 18:46:00,2023-05-02 19:46:00,1783,1
F0764,AirIndia,DEL,BOM,2023-05-25 22:42:00,2023-05-25 22:42:00,1754,0
F0765,Indigo,HYD,BLR,2023-05-26 17:47:00,2023-05-26 17:47:00,648,0
F0766,SpiceJet,HYD,DEL,2023-05-23 02:48:00,2023-05-23 02:48:00,1952,0
F0767,AirIndia,CCU,BOM,2023-05-12 07:56:00,2023-05-12 07:56:00,1220,0
F0768,AirIndia,MAA,DEL,2023-05-02 05:02:00,2023-05-02 05:17:00,1092,0
F0769,Vistara,DEL,HYD,2023-05-08 14:38:00,2023-05-08 14:48:00,597,0
F0770,Indigo,BLR,MAA,2023-05-14 22:24:00,2023-05-14 23:24:00,1262,1
F0771,AirIndia,BLR,DEL,2023-05-19 20:05:00,2023-05-19 20:05:00,1111,0
F0772,Vistara,MAA,BLR,2023-05-28 05:13:00,2023-05-28 05:13:00,817,0
F0773,Indigo,HYD,DEL,2023-05-18 20:17:00,2023-05-18 20:27:00,1521,0
F0774,Indigo,HYD,MAA,2023-05-26 06:13:00,2023-05-26 07:13:00,1176,1
F0775,Vistara,MAA,HYD,2023-05-29 18:44:00,2023-05-29 18:49:00,992,0
F0776,SpiceJet,DEL,BLR,2023-05-17 02:33:00,2023-05-17 02:33:00,1517,0
F0777,Vistara,CCU,BOM,2023-05-06 15:49:00,2023-05-06 15:49:00,459,0
F0778,Vistara,HYD,MAA,2023-05-22 23:30:00,2023-05-22 23:45:00,1178,0
F0779,Indigo,DEL,CCU,2023-05-23 11:19:00,2023-05-23 11:34:00,865,0
F0780,Indigo,BLR,HYD,2023-05-06 05:24:00,2023-05-06 06:09:00,632,1
F0781,AirIndia,HYD,CCU,2023-05-02 08:07:00,2023-05-02 08:07:00,1694,0
F0782,AirIndia,CCU,DEL,2023-05-09 03:09:00,2023-05-09 03:09:00,1059,0
F0783,SpiceJet,BOM,MAA,2023-05-10 21:24:00,2023-05-10 21:29:00,621,0
F0784,Indigo,BLR,DEL,2023-05-12 13:16:00,2023-05-12 13:21:00,884,0
F0785,Indigo,CCU,MAA,2023-05-09 14:45:00,2023-05-09 15:30:00,1881,1
F0786,Vistara,DEL,HYD,2023-05-30 19:25:00,2023-05-30 19:55:00,1775,1
F0787,Vistara,MAA,CCU,2023-05-17 03:05:00,2023-05-17 03:05:00,923,0
F0788,SpiceJet,HYD,DEL,2023-05-26 14:16:00,2023-05-26 14:21:00,1056,0
F0789,SpiceJet,HYD,BOM,2023-05-02 06:28:00,2023-05-02 06:28:00,1277,0
F0790,Vistara,MAA,BOM,2023-05-03 10:18:00,2023-05-03 10:33:00,1080,0
F0791,Indigo,HYD,BOM,2023-05-26 08:08:00,2023-05-26 08:08:00,1621,0
F0792,AirIndia,HYD,CCU,2023-05-25 11:50:00,2023-05-25 12:35:00,1347,1
F0793,Indigo,CCU,BOM,2023-05-28 18:47:00,2023-05-28 19:47:00,567,1
F0794,Vistara,DEL,MAA,2023-05-15 07:04:00,2023-05-15 07:09:00,1613,0
F0795,AirIndia,HYD,MAA,2023-05-28 20:39:00,2023-05-28 20:39:00,1353,0
F0796,Vistara,BOM,CCU,2023-05-04 22:48:00,2023-05-04 23:18:00,1653,1
F0797,Vistara,BLR,CCU,2023-05-12 08:05:00,2023-05-12 08:35:00,1295,1
F0798,Indigo,CCU,DEL,2023-05-01 10:39:00,2023-05-01 10:39:00,611,0
F0799,SpiceJet,CCU,HYD,2023-05-28 10:49:00,2023-05-28 11:49:00,958,1
F0800,Vistara,DEL,MAA,2023-05-12 04:46:00,2023-05-12 04:56:00,1588,0
F0801,Indigo,DEL,CCU,2023-05-15 07:27:00,2023-05-15 07:27:00,1817,0
F0802,SpiceJet,DEL,BLR,2023-05-27 04:44:00,2023-05-27 05:44:00,487,1
F0803,Vistara,BOM,BLR,2023-05-05 09:43:00,2023-05-05 09:43:00,1567,0
F0804,Vistara,HYD,BLR,2023-05-04 20:42:00,2023-05-04 20:47:00,1031,0
F0805,AirIndia,BOM,DEL,2023-05-06 07:40:00,2023-05-06 07:40:00,458,0
F0806,SpiceJet,BLR,BOM,2023-05-13 09:48:00,2023-05-13 09:48:00,531,0
F0807,Indigo,CCU,BOM,2023-05-30 02:52:00,2023-05-30 03:07:00,871,0
F0808,SpiceJet,CCU,MAA,2023-05-30 16:13:00,2023-05-30 16:23:00,1958,0
F0809,SpiceJet,BOM,CCU,2023-05-06 15:22:00,2023-05-06 15:22:00,667,0
F0810,SpiceJet,CCU,BLR,2023-05-05 22:29:00,2023-05-05 22:34:00,1868,0
F0811,Indigo,BOM,BLR,2023-05-23 12:15:00,2023-05-23 12:15:00,842,0
F0812,SpiceJet,BOM,HYD,2023-05-04 16:23:00,2023-05-04 16:23:00,1070,0
F0813,SpiceJet,MAA,CCU,2023-05-18 01:48:00,2023-05-18 01:48:00,431,0
F0814,Vistara,BLR,DEL,2023-05-22 01:39:00,2023-05-22 01:44:00,1212,0
F0815,SpiceJet,DEL,CCU,2023-05-10 21:47:00,2023-05-10 22:17:00,1477,1
F0816,Indigo,DEL,BOM,2023-05-22 14:49:00,2023-05-22 15:34:00,1005,1
F0817,Vistara,BOM,CCU,2023-05-21 06:35:00,2023-05-21 07:35:00,1104,1
F0818,SpiceJet,MAA,DEL,2023-05-26 22:16:00,2023-05-26 22:16:00,1987,0
F0819,Indigo,HYD,BLR,2023-05-05 02:50:00,2023-05-05 03:05:00,1127,0
F0820,Vistara,HYD,BLR,2023-05-26 00:36:00,2023-05-26 01:36:00,479,1
F0821,AirIndia,BLR,DEL,2023-05-04 01:31:00,2023-05-04 02:01:00,1897,1
F0822,Vistara,BOM,BLR,2023-05-04 18:34:00,2023-05-04 19:19:00,810,1
F0823,Indigo,BOM,MAA,2023-05-26 10:57:00,2023-05-26 11:07:00,1064,0
F0824,AirIndia,MAA,CCU,2023-05-07 16:30:00,2023-05-07 17:15:00,1750,1
F0825,AirIndia,BLR,BOM,2023-05-17 01:30:00,2023-05-17 01:45:00,1206,0
F0826,AirIndia,DEL,HYD,2023-05-14 09:36:00,2023-05-14 10:06:00,594,1
F0827,SpiceJet,MAA,CCU,2023-05-28 21:14:00,2023-05-28 21:14:00,561,0
F0828,Indigo,BLR,DEL,2023-05-15 21:08:00,2023-05-15 21:18:00,1596,0
F0829,AirIndia,HYD,BLR,2023-05-25 08:23:00,2023-05-25 08:53:00,584,1
F0830,Indigo,BOM,BLR,2023-05-08 16:24:00,2023-05-08 16:54:00,1945,1
F0831,AirIndia,HYD,MAA,2023-05-04 04:35:00,2023-05-04 05:05:00,786,1
F0832,SpiceJet,CCU,BOM,2023-05-03 16:47:00,2023-05-03 17:47:00,1794,1
F0833,AirIndia,MAA,DEL,2023-05-25 01:46:00,2023-05-25 01:51:00,1382,0
F0834,Vistara,MAA,HYD,2023-05-11 09:32:00,2023-05-11 10:32:00,449,1
F0835,Indigo,DEL,HYD,2023-05-17 17:55:00,2023-05-17 18:55:00,1998,1
F0836,AirIndia,MAA,BOM,2023-05-05 06:25:00,2023-05-05 06:30:00,1503,0
F0837,SpiceJet,CCU,MAA,2023-05-08 21:00:00,2023-05-08 21:05:00,957,0
F0838,SpiceJet,HYD,CCU,2023-05-03 08:54:00,2023-05-03 09:09:00,1821,0
F0839,SpiceJet,MAA,BLR,2023-05-04 06:54:00,2023-05-04 07:24:00,1045,1
F0840,Indigo,HYD,CCU,2023-05-04 15:56:00,2023-05-04 15:56:00,1698,0
F0841,SpiceJet,BOM,CCU,2023-05-06 00:01:00,2023-05-06 00:01:00,1310,0
F0842,SpiceJet,HYD,BOM,2023-05-28 12:24:00,2023-05-28 13:24:00,1670,1
F0843,AirIndia,MAA,CCU,2023-05-18 00:40:00,2023-05-18 01:25:00,1307,1
F0844,SpiceJet,BLR,CCU,2023-05-03 01:36:00,2023-05-03 01:41:00,1242,0
F0845,Vistara,DEL,BLR,2023-05-11 03:12:00,2023-05-11 03:57:00,1371,1
F0846,SpiceJet,BLR,CCU,2023-05-06 00:31:00,2023-05-06 00:36:00,1921,0
F0847,Indigo,MAA,BLR,2023-05-18 13:00:00,2023-05-18 13:45:00,1461,1
F0848,Vistara,CCU,DEL,2023-05-21 20:05:00,2023-05-21 21:05:00,980,1
F0849,SpiceJet,MAA,DEL,2023-05-27 23:42:00,2023-05-27 23:42:00,1510,0
F0850,Indigo,DEL,CCU,2023-05-19 07:50:00,2023-05-19 08:05:00,1446,0
F0851,AirIndia,CCU,MAA,2023-05-05 02:05:00,2023-05-05 02:20:00,988,0
F0852,Indigo,HYD,MAA,2023-05-26 09:52:00,2023-05-26 10:22:00,1867,1
F0853,Indigo,HYD,BOM,2023-05-15 21:12:00,2023-05-15 21:42:00,459,1
F0854,AirIndia,HYD,CCU,2023-05-20 04:30:00,2023-05-20 05:00:00,930,1
F0855,Vistara,MAA,HYD,2023-05-08 02:59:00,2023-05-08 03:29:00,1472,1
F0856,Vistara,BOM,MAA,2023-05-06 22:15:00,2023-05-06 23:15:00,663,1
F0857,Vistara,CCU,BLR,2023-05-19 09:03:00,2023-05-19 09:13:00,1562,0
F0858,AirIndia,HYD,CCU,2023-05-23 09:01:00,2023-05-23 09:16:00,1900,0
F0859,Indigo,MAA,DEL,2023-05-12 09:33:00,2023-05-12 09:33:00,1449,0
F0860,SpiceJet,DEL,HYD,2023-05-19 15:40:00,2023-05-19 15:55:00,935,0
F0861,Vistara,CCU,MAA,2023-05-13 16:22:00,2023-05-13 16:52:00,1853,1
F0862,Indigo,BLR,DEL,2023-05-02 00:35:00,2023-05-02 00:40:00,477,0
F0863,Indigo,BLR,MAA,2023-05-24 11:38:00,2023-05-24 12:38:00,1545,1
F0864,Indigo,CCU,BLR,2023-05-12 08:00:00,2023-05-12 08:05:00,1780,0
F0865,AirIndia,CCU,BOM,2023-05-22 02:53:00,2023-05-22 02:53:00,1541,0
F0866,SpiceJet,BLR,DEL,2023-05-29 19:28:00,2023-05-29 20:13:00,1249,1
F0867,Vistara,DEL,BOM,2023-05-16 16:40:00,2023-05-16 17:25:00,949,1
F0868,Vistara,CCU,HYD,2023-05-22 11:47:00,2023-05-22 11:47:00,1552,0
F0869,Indigo,BLR,DEL,2023-05-30 16:27:00,2023-05-30 16:42:00,825,0
F0870,Vistara,BOM,CCU,2023-05-30 11:37:00,2023-05-30 11:52:00,1008,0
F0871,Vistara,HYD,CCU,2023-05-15 20:58:00,2023-05-15 21:28:00,1289,1
F0872,Vistara,HYD,BLR,2023-05-17 20:51:00,2023-05-17 20:51:00,1193,0
F0873,SpiceJet,MAA,HYD,2023-05-03 18:45:00,2023-05-03 18:45:00,675,0
F0874,Vistara,CCU,BLR,2023-05-08 11:46:00,2023-05-08 12:01:00,1472,0
F0875,Vistara,MAA,DEL,2023-05-10 14:46:00,2023-05-10 15:01:00,1576,0
F0876,Indigo,MAA,HYD,2023-05-11 14:47:00,2023-05-11 15:32:00,569,1
F0877,SpiceJet,BOM,MAA,2023-05-11 07:36:00,2023-05-11 08:06:00,1929,1
F0878,Vistara,DEL,HYD,2023-05-17 19:49:00,2023-05-17 19:54:00,605,0
F0879,Vistara,BLR,MAA,2023-05-17 23:16:00,2023-05-17 23:16:00,1726,0
F0880,AirIndia,DEL,HYD,2023-05-09 16:28:00,2023-05-09 16:28:00,1936,0
F0881,Indigo,DEL,HYD,2023-05-16 00:29:00,2023-05-16 00:59:00,1574,1
F0882,AirIndia,MAA,BOM,2023-05-19 17:25:00,2023-05-19 17:25:00,1994,0
F0883,Indigo,BLR,CCU,2023-05-27 03:47:00,2023-05-27 04:47:00,1751,1
F0884,AirIndia,BLR,DEL,2023-05-24 14:30:00,2023-05-24 14:30:00,1657,0
F0885,SpiceJet,MAA,BOM,2023-05-04 06:52:00,2023-05-04 07:22:00,1499,1
F0886,SpiceJet,DEL,BLR,2023-05-02 16:02:00,2023-05-02 16:07:00,1798,0
F0887,AirIndia,HYD,BLR,2023-05-08 05:16:00,2023-05-08 05:26:00,447,0
F0888,SpiceJet,HYD,DEL,2023-05-19 13:43:00,2023-05-19 13:43:00,1607,0
F0889,Vistara,BLR,HYD,2023-05-08 09:44:00,2023-05-08 10:14:00,504,1
F0890,Indigo,BOM,CCU,2023-05-07 16:20:00,2023-05-07 16:25:00,1270,0
F0891,AirIndia,MAA,BOM,2023-05-15 07:12:00,2023-05-15 07:22:00,453,0
F0892,AirIndia,BOM,MAA,2023-05-03 11:29:00,2023-05-03 11:39:00,1237,0
F0893,SpiceJet,BLR,DEL,2023-05-04 23:12:00,2023-05-04 23:22:00,1705,0
F0894,Vistara,BOM,CCU,2023-05-24 21:17:00,2023-05-24 21:22:00,1043,0
F0895,SpiceJet,DEL,CCU,2023-05-07 08:12:00,2023-05-07 09:12:00,1504,1
F0896,AirIndia,BOM,MAA,2023-05-10 13:02:00,2023-05-10 13:32:00,1046,1
F0897,AirIndia,BLR,HYD,2023-05-10 20:13:00,2023-05-10 20:13:00,1894,0
F0898,SpiceJet,BLR,BOM,2023-05-02 12:36:00,2023-05-02 13:36:00,1318,1
F0899,Indigo,DEL,HYD,2023-05-03 16:21:00,2023-05-03 16:26:00,1526,0
F0900,Indigo,HYD,MAA,2023-05-10 04:42:00,2023-05-10 04:42:00,598,0
F0901,Vistara,BLR,BOM,2023-05-19 08:36:00,2023-05-19 09:36:00,1989,1
F0902,Indigo,CCU,MAA,2023-05-13 02:33:00,2023-05-13 03:18:00,1541,1
F0903,Indigo,BOM,MAA,2023-05-14 14:55:00,2023-05-14 14:55:00,1662,0
F0904,AirIndia,MAA,DEL,2023-05-08 14:23:00,2023-05-08 15:08:00,828,1
F0905,Indigo,DEL,MAA,2023-05-04 05:13:00,2023-05-04 05:58:00,617,1
F0906,SpiceJet,HYD,MAA,2023-05-25 01:08:00,2023-05-25 01:13:00,855,0
F0907,Vistara,DEL,CCU,2023-05-23 22:15:00,2023-05-23 22:45:00,886,1
F0908,AirIndia,BOM,DEL,2023-05-16 16:13:00,2023-05-16 16:18:00,1166,0
F0909,SpiceJet,CCU,MAA,2023-05-22 05:57:00,2023-05-22 06:42:00,1202,1
F0910,AirIndia,BOM,MAA,2023-05-11 14:07:00,2023-05-11 14:12:00,665,0
F0911,SpiceJet,HYD,DEL,2023-05-26 21:45:00,2023-05-26 22:30:00,1335,1
F0912,AirIndia,MAA,CCU,2023-05-22 16:04:00,2023-05-22 16:04:00,602,0
F0913,SpiceJet,MAA,HYD,2023-05-12 14:02:00,2023-05-12 14:32:00,1758,1
F0914,Indigo,HYD,CCU,2023-05-27 16:04:00,2023-05-27 16:09:00,725,0
F0915,AirIndia,CCU,BLR,2023-05-01 12:49:00,2023-05-01 13:49:00,614,1
F0916,AirIndia,CCU,HYD,2023-05-05 18:57:00,2023-05-05 19:07:00,1954,0
F0917,SpiceJet,DEL,HYD,2023-05-05 15:42:00,2023-05-05 15:42:00,485,0
F0918,SpiceJet,MAA,CCU,2023-05-06 07:17:00,2023-05-06 07:47:00,522,1
F0919,Indigo,BOM,DEL,2023-05-05 18:33:00,2023-05-05 18:48:00,1863,0
F0920,AirIndia,HYD,BOM,2023-05-01 16:46:00,2023-05-01 16:51:00,1740,0
F0921,Indigo,CCU,BOM,2023-05-15 03:04:00,2023-05-15 03:09:00,620,0
F0922,Indigo,CCU,MAA,2023-05-24 17:11:00,2023-05-24 17:26:00,1275,0
F0923,AirIndia,HYD,MAA,2023-05-21 20:38:00,2023-05-21 20:38:00,1420,0
F0924,Indigo,BOM,BLR,2023-05-12 09:27:00,2023-05-12 09:42:00,1621,0
F0925,AirIndia,BLR,HYD,2023-05-23 23:05:00,2023-05-23 23:20:00,948,0
F0926,SpiceJet,DEL,MAA,2023-05-27 17:12:00,2023-05-27 17:42:00,1782,1
F0927,Indigo,DEL,CCU,2023-05-04 10:45:00,2023-05-04 11:00:00,1157,0
F0928,Vistara,CCU,MAA,2023-05-26 07:07:00,2023-05-26 08:07:00,1955,1
F0929,SpiceJet,DEL,BLR,2023-05-14 09:34:00,2023-05-14 10:04:00,1214,1
F0930,Vistara,BLR,HYD,2023-05-19 18:53:00,2023-05-19 18:53:00,953,0
F0931,Vistara,BOM,MAA,2023-05-25 03:59:00,2023-05-25 04:04:00,1726,0
F0932,Indigo,MAA,HYD,2023-05-01 10:29:00,2023-05-01 10:29:00,1092,0
F0933,SpiceJet,HYD,BOM,2023-05-20 15:19:00,2023-05-20 15:19:00,538,0
F0934,AirIndia,MAA,DEL,2023-05-25 16:41:00,2023-05-25 17:41:00,534,1
F0935,Vistara,DEL,HYD,2023-05-13 04:33:00,2023-05-13 04:33:00,909,0
F0936,AirIndia,CCU,DEL,2023-05-24 09:20:00,2023-05-24 10:05:00,732,1
F0937,Vistara,CCU,BLR,2023-05-29 18:21:00,2023-05-29 18:21:00,1208,0
F0938,Indigo,HYD,MAA,2023-05-02 04:45:00,2023-05-02 04:50:00,1028,0
F0939,Indigo,BLR,BOM,2023-05-16 03:49:00,2023-05-16 03:49:00,1424,0
F0940,Vistara,CCU,BOM,2023-05-17 00:41:00,2023-05-17 00:51:00,1375,0
F0941,SpiceJet,HYD,CCU,2023-05-15 06:48:00,2023-05-15 06:48:00,1627,0
F0942,AirIndia,BOM,MAA,2023-05-21 11:01:00,2023-05-21 11:06:00,1895,0
F0943,SpiceJet,BLR,HYD,2023-05-02 10:26:00,2023-05-02 10:41:00,1345,0
F0944,Indigo,BOM,CCU,2023-05-22 09:38:00,2023-05-22 09:38:00,963,0
F0945,AirIndia,BLR,BOM,2023-05-30 14:27:00,2023-05-30 14:27:00,1472,0
F0946,Vistara,HYD,BOM,2023-05-25 08:59:00,2023-05-25 09:29:00,758,1
F0947,Vistara,MAA,CCU,2023-05-14 20:44:00,2023-05-14 21:29:00,1076,1
F0948,Vistara,BOM,HYD,2023-05-22 08:37:00,2023-05-22 08:47:00,1250,0
F0949,Vistara,BLR,BOM,2023-05-05 01:46:00,2023-05-05 02:31:00,1185,1
F0950,Vistara,MAA,HYD,2023-05-21 12:22:00,2023-05-21 12:52:00,1884,1
F0951,AirIndia,BOM,BLR,2023-05-03 11:59:00,2023-05-03 11:59:00,580,0
F0952,AirIndia,HYD,BLR,2023-05-11 14:47:00,2023-05-11 14:47:00,501,0
F0953,Vistara,BLR,DEL,2023-05-30 00:25:00,2023-05-30 00:25:00,995,0
F0954,AirIndia,DEL,HYD,2023-05-12 03:43:00,2023-05-12 03:43:00,1112,0
F0955,Vistara,BLR,MAA,2023-05-23 19:44:00,2023-05-23 19:44:00,1059,0
F0956,SpiceJet,BLR,DEL,2023-05-04 04:10:00,2023-05-04 05:10:00,1296,1
F0957,Indigo,BLR,DEL,2023-05-22 07:37:00,2023-05-22 07:37:00,777,0
F0958,Vistara,BOM,DEL,2023-05-12 18:20:00,2023-05-12 18:30:00,587,0
F0959,SpiceJet,DEL,CCU,2023-05-26 15:43:00,2023-05-26 15:48:00,1461,0
F0960,AirIndia,DEL,HYD,2023-05-22 10:40:00,2023-05-22 10:55:00,1257,0
F0961,Indigo,DEL,MAA,2023-05-16 00:08:00,2023-05-16 00:53:00,1925,1
F0962,AirIndia,HYD,MAA,2023-05-14 20:38:00,2023-05-14 21:08:00,850,1
F0963,AirIndia,BOM,CCU,2023-05-15 07:09:00,2023-05-15 07:09:00,1792,0
F0964,SpiceJet,DEL,HYD,2023-05-01 01:01:00,2023-05-01 01:11:00,1280,0
F0965,SpiceJet,HYD,BLR,2023-05-06 03:03:00,2023-05-06 03:48:00,435,1
F0966,Indigo,CCU,BOM,2023-05-06 08:17:00,2023-05-06 08:17:00,1417,0
F0967,Vistara,DEL,MAA,2023-05-01 14:57:00,2023-05-01 15:42:00,947,1
F0968,Indigo,BOM,MAA,2023-05-24 07:52:00,2023-05-24 08:22:00,1263,1
F0969,SpiceJet,HYD,CCU,2023-05-08 18:34:00,2023-05-08 18:39:00,1997,0
F0970,Indigo,DEL,BLR,2023-05-01 19:23:00,2023-05-01 19:23:00,1560,0
F0971,SpiceJet,BLR,DEL,2023-05-03 11:12:00,2023-05-03 11:42:00,758,1
F0972,Indigo,HYD,BOM,2023-05-27 13:41:00,2023-05-27 14:26:00,1274,1
F0973,Vistara,MAA,BOM,2023-05-06 02:07:00,2023-05-06 02:07:00,1734,0
F0974,SpiceJet,BOM,DEL,2023-05-12 01:52:00,2023-05-12 01:52:00,1325,0
F0975,Vistara,MAA,DEL,2023-05-29 23:22:00,2023-05-30 00:22:00,1226,1
F0976,AirIndia,DEL,MAA,2023-05-29 16:45:00,2023-05-29 16:50:00,1597,0
F0977,SpiceJet,HYD,BOM,2023-05-18 01:11:00,2023-05-18 01:11:00,1937,0
F0978,SpiceJet,BLR,DEL,2023-05-17 06:35:00,2023-05-17 07:20:00,473,1
F0979,Indigo,MAA,CCU,2023-05-20 10:31:00,2023-05-20 10:31:00,1029,0
F0980,Indigo,HYD,DEL,2023-05-17 16:24:00,2023-05-17 16:24:00,522,0
F0981,SpiceJet,DEL,HYD,2023-05-28 14:01:00,2023-05-28 14:31:00,1699,1
F0982,AirIndia,MAA,CCU,2023-05-25 16:11:00,2023-05-25 16:21:00,1676,0
F0983,Vistara,HYD,DEL,2023-05-20 02:57:00,2023-05-20 03:07:00,1784,0
F0984,Indigo,BOM,MAA,2023-05-19 22:00:00,2023-05-19 22:15:00,911,0
F0985,AirIndia,CCU,MAA,2023-05-28 03:13:00,2023-05-28 03:23:00,442,0
F0986,Vistara,MAA,HYD,2023-05-18 21:47:00,2023-05-18 22:32:00,1793,1
F0987,Vistara,HYD,CCU,2023-05-01 08:19:00,2023-05-01 08:49:00,932,1
F0988,Vistara,MAA,BLR,2023-05-05 07:44:00,2023-05-05 07:59:00,965,0
F0989,AirIndia,BLR,BOM,2023-05-28 08:15:00,2023-05-28 09:15:00,1318,1
F0990,SpiceJet,BLR,HYD,2023-05-15 20:26:00,2023-05-15 21:11:00,1158,1
F0991,SpiceJet,BOM,MAA,2023-05-17 06:39:00,2023-05-17 06:39:00,1350,0
F0992,AirIndia,MAA,BOM,2023-05-04 10:50:00,2023-05-04 10:50:00,1211,0
F0993,Vistara,CCU,BLR,2023-05-03 01:08:00,2023-05-03 01:13:00,1454,0
F0994,Indigo,DEL,MAA,2023-05-30 16:08:00,2023-05-30 16:38:00,579,1
F0995,AirIndia,CCU,HYD,2023-05-19 15:19:00,2023-05-19 15:29:00,1290,0
F0996,Vistara,BLR,HYD,2023-05-22 21:12:00,2023-05-22 21:27:00,611,0
F0997,AirIndia,MAA,HYD,2023-05-29 17:40:00,2023-05-29 17:40:00,1055,0
F0998,SpiceJet,DEL,MAA,2023-05-27 12:16:00,2023-05-27 12:26:00,1578,0
F0999,Vistara,MAA,CCU,2023-05-10 11:45:00,2023-05-10 12:45:00,1438,1
F1000,SpiceJet,DEL,BLR,2023-05-21 09:56:00,2023-05-21 10:41:00,1753,1
